replicon_primary,n_PSC,S_ARG,S_VF,S_MOB,S_HOST,S_REP,S_SIZE,S_BMG,S_GEO,S_HAB,S_GROW
Col440I,9158,0.0000,0.0000,0.0700,0.7600,0.5000,0.5460,0.0000,0.0000,0.0000,0.0000
IncFII,7543,0.0000,0.0000,0.4200,0.7600,0.9000,0.6312,0.0000,0.0000,0.0000,0.0000
IncI1,6209,0.0000,0.0000,0.0791,0.7400,0.9000,0.6683,0.2900,0.0000,0.0000,0.0000
IncFIB(AP001918),6046,0.0000,0.0000,0.1014,0.7600,0.9000,0.6354,0.2900,0.0000,0.0000,0.0000
IncX1,4620,0.0000,0.0000,0.4200,0.7200,0.9000,0.6855,0.3300,0.0000,0.0000,0.0000
Col156,4401,0.0000,0.0000,0.4200,0.7600,0.5000,0.5750,0.0000,0.0000,0.0000,0.0000
IncFIA,4125,0.0000,0.0000,0.0825,0.7600,0.9000,0.6582,0.2900,0.0000,0.0000,0.0000
IncFIB(K),3846,0.0000,0.0000,0.0920,0.8000,0.9000,0.6367,0.0000,0.0000,0.0000,0.0000
ColRNAI,3568,0.0000,0.0000,0.4496,0.8000,0.9000,0.6024,0.0000,0.0000,0.0000,0.0000
IncR,3469,0.0000,0.0000,0.0989,0.8000,0.9000,0.6406,0.2900,0.0000,0.0000,0.0000
IncFIC(FII),2383,0.0000,0.0000,0.4367,0.7400,0.9000,0.6353,0.0000,0.0000,0.0000,0.0000
Col(MG828),2339,0.0000,0.0000,0.0700,0.7600,0.5000,0.4979,0.0000,0.0000,0.0000,0.0000
IncX4,2242,0.0000,0.0000,0.4200,0.7600,0.9000,0.6859,0.3700,0.0000,0.0000,0.0000
IncFII(K),2131,0.0000,0.0000,0.1077,0.8000,0.9000,0.6399,0.0000,0.0000,0.0000,0.0000
IncFII(pCoo),2038,0.0000,0.0000,0.4289,0.7600,0.9000,0.6323,0.0000,0.0000,0.0000,0.0000
rep16/rep19,2035,0.4362,0.0000,0.1005,0.8000,0.3000,0.6331,0.3700,0.0000,0.0000,0.0000
IncQ1,2034,0.6913,0.0000,0.4200,0.7600,0.5000,0.6022,0.2900,0.0000,0.0000,0.0000
IncB/O/K/Z,1942,0.0000,0.0000,0.0767,0.7600,0.5000,0.6439,0.0000,0.0000,0.0000,0.0000
IncFII(pSE11),1903,0.0000,0.0000,0.4298,0.7600,0.9000,0.6262,0.0000,0.0000,0.0000,0.0000
rep7a,1676,0.0000,0.0000,0.4200,0.8000,0.3000,0.5570,0.0000,0.0000,0.0000,0.0000
rep20,1669,0.4362,0.0000,0.0920,0.8000,0.3000,0.6578,0.3700,0.0000,0.0000,0.0000
rep21,1575,0.0000,0.0000,0.0700,0.8000,0.3000,0.5285,0.0000,0.0000,0.0000,0.0000
IncFII(pRSB107),1553,0.0000,0.0000,0.5950,0.7600,0.9000,0.6432,0.0000,0.0000,0.0000,0.0000
IncFII(29),1493,0.0000,0.0000,0.4404,0.7600,0.9000,0.6407,0.0000,0.0000,0.0000,0.0000
IncN,1490,0.0000,0.0000,0.1399,0.7600,0.9000,0.6257,0.0000,0.0000,0.0000,0.0000
IncFII(pHN7A8),1484,0.0000,0.0000,0.5950,0.7600,0.9000,0.6336,0.0000,0.0000,0.0000,0.0000
IncFII(S),1435,0.0000,0.3300,0.4200,0.7600,0.9000,0.6717,0.2900,0.0000,0.0000,0.0000
IncI2,1257,0.0000,0.0000,0.0700,0.7600,0.9000,0.6822,0.0000,0.0000,0.0000,0.0000
rep16/rep5a,1255,0.4362,0.0000,0.4417,0.8000,0.3000,0.6593,0.3700,0.0000,0.0000,0.0000
IncFIA(HI1),1151,0.0000,0.0000,0.1122,0.8000,0.9000,0.6155,0.0000,0.0000,0.0000,0.0000
p0111,1099,0.0000,0.0000,0.0700,0.7600,0.3000,0.6588,0.0000,0.0000,0.0000,0.0000
IncFIB(pB171),1022,0.0000,0.0000,0.0958,0.7600,0.9000,0.6484,0.2900,0.0000,0.0000,0.0000
rep10,961,0.6913,0.0000,0.0700,0.8000,0.3000,0.5187,0.0000,0.0000,0.0000,0.0000
IncHI1B,954,0.0000,0.0000,0.0868,0.8000,0.9000,0.6040,0.0000,0.0000,0.0000,0.0000
IncY,920,0.0000,0.0000,0.0759,0.7600,0.9000,0.6521,0.0000,0.0000,0.0833,0.0000
ColpVC,879,0.0000,0.0000,0.0700,0.7600,0.3000,0.5063,0.0000,0.0000,0.0000,0.0000
rep17,841,0.0000,0.0000,0.0858,0.8000,0.3000,0.6098,0.0000,0.0000,0.0000,0.0000
Col440II,787,0.0000,0.0000,0.4200,0.8000,0.5000,0.5657,0.0000,0.0000,0.0000,0.0000
rep13,694,0.0000,0.0000,0.0700,0.8000,0.3000,0.5302,0.0000,0.0000,0.0000,0.0000
rep25,688,0.0000,0.0000,0.1051,0.4800,0.3000,0.6721,0.3700,0.0000,0.0000,0.0000
IncFIB(S),622,0.0000,0.6900,0.0927,0.8000,0.9000,0.6756,0.3300,0.0000,0.0000,0.0000
rep20/rep5a,621,0.0000,0.0000,0.4521,0.8000,0.3000,0.6733,0.3700,0.0000,0.0000,0.0000
rep16/rep19/rep5a,593,0.4362,0.0000,0.4383,0.8000,0.3000,0.6710,0.4900,0.0000,0.0000,0.0000
IncFII(pCRY),592,0.0000,0.0000,0.0700,0.7200,0.9000,0.6703,0.3700,0.0000,0.0000,0.0000
Col(BS512),590,0.0000,0.0000,0.0700,0.7600,0.5000,0.5105,0.0000,0.0000,0.0000,0.0000
IncFIA/IncFIB(AP001918),585,0.0000,0.0000,0.0917,0.7600,0.9000,0.6641,0.2900,0.0000,0.0000,0.0000
IncFIB(pQil),577,0.0000,0.0000,0.0878,0.8000,0.9000,0.6770,0.2900,0.0000,0.0000,0.0000
rep18b,568,0.0000,0.0000,0.0700,0.8000,0.3000,0.5741,0.0000,0.0000,0.0000,0.0000
IncHI2,562,0.0000,0.0000,0.0746,0.7200,0.9000,0.6689,0.0000,0.0000,0.0000,0.0000
IncFIB(S)/IncFII(S),560,0.0000,0.3600,0.0809,0.7600,0.9000,0.6737,0.4100,0.0000,0.0000,0.0000
IncI,532,0.0000,0.0000,0.0772,0.7600,0.3000,0.6627,0.2900,0.0000,0.0000,0.0000
repUS43,485,0.4362,0.0000,0.4260,0.5200,0.3000,0.6710,0.2900,0.0000,0.0000,0.1402
IncX3,467,0.0000,0.0000,0.4200,0.8000,0.9000,0.6926,0.3300,0.0000,0.0000,0.0000
rep16/rep19/rep21,458,0.4362,0.0000,0.0946,0.8000,0.3000,0.6700,0.3700,0.0000,0.0000,0.0000
IncFII(Yp),451,0.0000,0.0000,0.5950,0.7800,0.9000,0.6455,0.0000,0.0000,0.0000,0.0000
Col440I/Col440II,433,0.0000,0.0000,0.4200,0.8000,0.5000,0.5611,0.0000,0.0000,0.0000,0.0000
repUS15,420,0.0000,0.3300,0.0762,0.8200,0.3000,0.6345,0.0000,0.0000,0.0000,0.1402
rep29,399,0.0000,0.0000,0.4200,0.8000,0.3000,0.6065,0.2900,0.0000,0.0000,0.0000
rep20/rep21,359,0.4362,0.0000,0.0992,0.8000,0.3000,0.6579,0.6000,0.0000,0.0000,0.0000
rep16,311,0.4362,0.0000,0.0977,0.8000,0.3000,0.6192,0.3300,0.0000,0.0000,0.0000
rep39,289,0.4362,0.0000,0.0975,0.5200,0.3000,0.6437,0.4800,0.0000,0.0000,0.0000
rep1,288,0.0000,0.0000,0.0999,0.8000,0.3000,0.6183,0.0000,0.0000,0.0833,0.1402
FIA(pBK30683),285,0.0000,0.0000,0.0900,0.8000,0.3000,0.6565,0.2900,0.0000,0.0000,0.0000
rep2,281,0.0000,0.0000,0.1186,0.8000,0.3000,0.6165,0.0000,0.0000,0.0000,0.0000
rep15,281,0.4362,0.0000,0.4353,0.8000,0.3000,0.6626,0.0000,0.0000,0.0000,0.0000
RepA,270,0.0000,0.0000,0.0794,0.7600,0.3000,0.6605,0.0000,0.0000,0.0000,0.0000
rep22,253,0.6913,0.0000,0.4303,0.8000,0.3000,0.5758,0.0000,0.0000,0.0000,0.0000
IncFII(pMET),253,0.0000,0.0000,0.0758,0.7200,0.9000,0.6747,0.3700,0.0000,0.0000,0.0000
rep19c,244,0.0000,0.0000,0.0944,0.4800,0.3000,0.6469,0.4100,0.0000,0.0000,0.0000
ColKP3,240,1.0000,0.0000,0.4200,0.8000,0.9000,0.5792,0.0000,0.0000,0.0000,0.0000
rep14a,239,0.0000,0.0000,0.0700,0.8000,0.3000,0.5167,0.0000,0.0000,0.0000,0.0000
rep11a,239,0.0000,0.0000,0.4200,0.8000,0.3000,0.5877,0.0000,0.0000,0.0000,0.0000
IncA/C2,238,0.0000,0.0000,0.0768,0.7600,0.9000,0.6691,0.0000,0.0000,0.0000,0.0000
IncFII/IncFII(pCoo),229,0.0000,0.0000,0.5950,0.7600,0.9000,0.6343,0.0000,0.0000,0.0000,0.0000
rep9b,228,0.0000,0.0000,0.0955,0.5200,0.3000,0.6240,0.0000,0.0000,0.0000,0.0000
IncFII(pECLA),227,0.0000,0.0000,0.1099,0.8000,0.9000,0.6258,0.2900,0.0000,0.0000,0.1402
rep20/repUS70,227,0.0000,0.0000,0.4354,0.5200,0.3000,0.6333,0.4800,0.0000,0.0000,0.0000
pEC4115,221,0.0000,0.0000,0.0740,0.7200,0.3000,0.6922,0.0000,0.0000,0.0000,0.0000
rep5b,219,0.0000,0.0000,0.4200,0.5200,0.3000,0.5886,0.2900,0.0000,0.0000,0.0000
IncN2,218,0.0000,0.0000,0.5950,0.7600,0.9000,0.6864,0.2900,0.0000,0.0000,0.0000
Col8282,204,0.0000,0.0000,0.0757,0.7600,0.3000,0.5537,0.0000,0.0000,0.0000,0.0000
IncHI2A,203,0.0000,0.0000,0.0748,0.7600,0.9000,0.6651,0.0000,0.0000,0.0000,0.0000
IncHI2/IncHI2A,203,0.0000,0.0000,0.0744,0.7200,0.9000,0.6842,0.0000,0.0000,0.0000,0.0000
rep28,203,0.0000,0.0000,0.0700,0.4800,0.3000,0.6011,0.0000,0.0000,0.0000,0.0000
IncFIB(pHCM2),201,0.0000,0.0000,0.0786,0.7600,0.9000,0.6378,0.0000,0.2277,0.0833,0.1402
rep18a,200,0.0000,0.0000,0.4200,0.8000,0.3000,0.5972,0.0000,0.0000,0.0000,0.0000
pXuzhou21,187,0.0000,0.0000,0.0700,0.7600,0.3000,0.6994,0.0000,0.0000,0.0000,0.0000
IncFIB(Mar),184,0.0000,0.0000,0.0854,0.8000,0.9000,0.6362,0.0000,0.2277,0.1667,0.2240
ColE10,181,0.0000,0.0000,0.4200,0.7200,0.3000,0.6054,0.0000,0.0000,0.0000,0.0000
rep9a,180,0.0000,0.0000,0.0815,0.5200,0.3000,0.6368,0.0000,0.0000,0.0000,0.0000
Col3M,174,0.7486,0.0000,0.0700,0.7600,0.3000,0.5254,0.0000,0.0000,0.0000,0.0000
rep24a,174,0.0000,0.0000,0.0742,0.8000,0.3000,0.6958,0.0000,0.0000,0.0000,0.0000
IncHI1B(CIT),170,0.0000,0.0000,0.1024,0.7200,0.9000,0.5806,0.0000,0.0000,0.0000,0.0000
pSL483,158,0.0000,0.0000,0.0700,0.7600,0.3000,0.6996,0.0000,0.0000,0.0000,0.0000
IncP6,156,0.6913,0.0000,0.4353,0.7600,0.9000,0.6418,0.3300,0.0000,0.0000,0.0000
repUS76,155,0.0000,0.0000,0.0882,0.5200,0.3000,0.6464,0.0000,0.0000,0.0000,0.0000
rep38,154,0.0000,0.0000,0.1391,0.4800,0.3000,0.5980,0.0000,0.0000,0.0000,0.0000
IncFIB(pECLA),151,0.0000,0.0000,0.0873,0.8000,0.9000,0.6494,0.2900,0.0000,0.0000,0.0000
rep9c,149,0.0000,0.0000,0.0897,0.5200,0.3000,0.6301,0.0000,0.2277,0.0833,0.1402
repUS1,142,0.0000,0.0000,0.0926,0.8000,0.3000,0.6149,0.0000,0.0000,0.0000,0.1402
repUS25,142,0.0000,0.0000,0.0761,0.5200,0.3000,0.6924,0.0000,0.0000,0.0833,0.1402
Col(MP18),138,0.0000,0.0000,0.0700,0.7600,0.3000,0.5319,0.0000,0.2277,0.0833,0.1402
rep36,133,0.0000,0.0000,0.0700,0.5200,0.3000,0.5305,0.0000,0.0000,0.0000,0.0000
repUS12,131,0.4362,0.0000,0.4200,0.8000,0.3000,0.5795,0.0000,0.0000,0.0000,0.0000
IncX2,131,0.5241,0.0000,0.4320,0.7600,0.3000,0.6841,0.3700,0.0000,0.0000,0.0000
rep16/repUS5,126,0.0000,0.0000,0.0946,0.8000,0.3000,0.6705,0.3300,0.0000,0.0000,0.0000
repUS23/repUS46,116,0.4362,0.0000,0.0950,0.5200,0.3000,0.6649,0.6400,0.0000,0.0000,0.0000
IncFIB(pKPHS1),114,0.0000,0.0000,0.0700,0.8000,0.9000,0.6324,0.0000,0.3608,0.1667,0.2843
IncU,113,0.0000,0.0000,0.0944,0.8000,0.5000,0.5961,0.0000,0.0000,0.0000,0.0000
IncFIA/IncFIB(pB171),107,0.0000,0.0000,0.0836,0.7600,0.9000,0.6804,0.2900,0.0000,0.0000,0.0000
rep26,106,0.0000,0.0000,0.0952,0.4800,0.3000,0.6306,0.3300,0.0000,0.0833,0.2240
repUS5,99,0.0000,0.0000,0.0791,0.8000,0.3000,0.6604,0.0000,0.0000,0.0000,0.0000
IncL/M(pOXA-48),98,0.0000,0.0000,0.1082,0.8000,0.9000,0.6731,0.0000,0.0000,0.0000,0.0000
IncL/M(pMU407),96,0.6913,0.0000,0.1225,0.8000,0.9000,0.6403,0.0000,0.0000,0.0833,0.1402
rep5d,95,0.0000,0.0000,0.4200,0.5200,0.3000,0.5899,0.0000,0.0000,0.0000,0.0000
rep32,95,0.0000,0.0000,0.4200,0.4800,0.3000,0.6156,0.0000,0.0000,0.0000,0.0000
IncHI1B(CIT)/p0111,94,0.0000,0.0000,0.1018,0.7600,0.9000,0.6399,0.0000,0.2277,0.0833,0.1402
IncFIB(pLF82),93,0.0000,0.0000,0.0700,0.7600,0.9000,0.6593,0.0000,0.2277,0.0833,0.2240
FII(pBK30683),91,0.0000,0.0000,0.1043,0.8000,0.3000,0.6527,0.0000,0.0000,0.0000,0.0000
rep5c,89,0.0000,0.0000,0.4200,0.8000,0.3000,0.5967,0.0000,0.0000,0.0000,0.0000
IncP1,89,0.0000,0.0000,0.0795,0.7600,0.9000,0.6528,0.2900,0.0000,0.0833,0.0000
IncX3(pEC14),85,0.0000,0.0000,0.4200,0.7200,0.9000,0.6923,0.3300,0.0000,0.0000,0.0000
IncFIB(AP001918)/IncFII,84,0.0000,0.0000,0.2232,0.7600,0.9000,0.6339,0.0000,0.3608,0.1667,0.2843
rep14b,80,0.0000,0.0000,0.0700,0.8000,0.3000,0.5276,0.0000,0.0000,0.0000,0.0000
repUS22,79,0.4362,0.0000,0.0883,0.8000,0.3000,0.5271,0.0000,0.0000,0.0000,0.0000
repUS60,79,0.0000,0.0000,0.0700,0.5200,0.3000,0.5715,0.0000,0.0000,0.0000,0.0000
IncX5,79,0.0000,0.0000,0.4247,0.7600,0.3000,0.6683,0.3300,0.0000,0.0833,0.0000
IncFIA(HI1)/IncFIB(K),77,0.0000,0.0000,0.4840,0.7600,0.9000,0.6189,0.0000,0.2277,0.0833,0.1402
IncFII(pAMA1167-NDM-5),76,0.0000,0.0000,0.4296,0.7600,0.9000,0.6367,0.0000,0.0000,0.0000,0.0000
IncN3,76,0.0000,0.0000,0.5950,0.8000,0.9000,0.6609,0.0000,0.0000,0.0000,0.0000
IncFII(SARC14)/IncFII(Yp),75,0.0000,0.0000,0.5950,0.7200,0.9000,0.6601,0.0000,0.0000,0.0000,0.0000
rep11a/rep18b,73,0.0000,0.0000,0.4200,0.8000,0.3000,0.6167,0.0000,0.0000,0.0000,0.1402
rep19b,71,0.0000,0.0000,0.0929,0.5200,0.3000,0.6357,0.3300,0.0000,0.0000,0.0000
IncFII(S)/IncFII(SARC14),71,0.0000,0.0000,0.6106,0.7400,0.9000,0.6633,0.2900,0.0000,0.0000,0.0000
IncFIB(AP001918)/IncFII(pRSB107),67,0.0000,0.0000,0.0971,0.7600,0.9000,0.6434,0.0000,0.0000,0.0000,0.0000
repUS73,64,0.0000,0.0000,0.4391,0.4800,0.3000,0.6386,0.0000,0.0000,0.0000,0.0000
repUS7,64,0.0000,0.0000,0.0803,0.8000,0.3000,0.6512,0.0000,0.1138,0.0000,0.1402
IncFII(pHN7A8)/IncFII(pRSB107),64,0.0000,0.0000,0.1253,0.7600,0.9000,0.6021,0.0000,0.0000,0.0417,0.1402
rep3,60,0.0000,0.0000,0.0777,0.4800,0.3000,0.6446,0.0000,0.0000,0.0000,0.0000
Col(MGD2),58,0.0000,0.0000,0.4200,0.8000,0.3000,0.5698,0.0000,0.0000,0.0000,0.0000
IncFII(p96A),57,0.0000,0.0000,0.0700,0.7400,0.9000,0.6406,0.0000,0.0000,0.0833,0.0000
repUS9,56,0.0000,0.0000,0.0863,0.5200,0.3000,0.6527,0.4450,0.0000,0.0000,0.0000
rep20/rep22/rep5a/repUS22,56,0.4362,0.0000,0.4413,0.8000,0.3000,0.6840,0.4100,0.0000,0.0000,0.0000
IncHI1A,55,0.0000,0.0000,0.0748,0.7400,0.9000,0.6629,0.0000,0.0000,0.0000,0.0000
rep6,54,0.0000,0.0000,0.4200,0.5200,0.3000,0.5683,0.0000,0.0000,0.0000,0.0000
repUS35,54,0.0000,0.0000,0.0852,0.5200,0.3000,0.6109,0.2900,0.2277,0.0000,0.1402
Col(KPHS6),53,0.0000,0.0000,0.0700,0.7600,0.3000,0.4762,0.0000,0.0000,0.0000,0.0000
IncQ2,52,0.8060,0.0000,0.0700,0.7600,0.5000,0.5924,0.0000,0.0000,0.0000,0.1402
Rep,52,0.0000,0.0000,0.4200,0.7600,0.3000,0.5495,0.0000,0.0000,0.0000,0.0000
rep16/repUS76,52,0.0000,0.0000,0.0983,0.8000,0.3000,0.6464,0.4300,0.0000,0.0000,0.0000
repUS33,48,0.0000,0.0000,0.1239,0.4800,0.3000,0.6072,0.0000,0.2277,0.0833,0.1402
rep24c,46,0.0000,0.0000,0.0898,0.4800,0.3000,0.6232,0.0000,0.0000,0.0000,0.0000
rep7c,46,0.0000,0.3300,0.0787,0.8200,0.3000,0.6472,0.3900,0.0000,0.0833,0.0701
IncFII(pCTU2)/pESA2,44,0.0000,0.0000,0.0700,0.7200,0.9000,0.6671,0.3700,0.0000,0.0000,0.0000
IncHI1B(R27),44,0.0000,0.0000,0.0761,0.7200,0.9000,0.6704,0.0000,0.0000,0.0000,0.0000
rep8b,44,0.0000,0.0000,0.0812,0.5200,0.3000,0.6559,0.0000,0.0000,0.0000,0.0701
IncFII(Y),44,0.0000,0.5100,0.1331,0.5200,0.9000,0.6062,0.0000,0.2277,0.0000,0.0000
rep5e,43,0.0000,0.0000,0.4200,0.5200,0.3000,0.5864,0.0000,0.0000,0.0000,0.0000
rep7a/repUS12,43,0.6913,0.0000,0.4200,0.5200,0.3000,0.5804,0.0000,0.0000,0.0000,0.0000
repUS70,41,0.0000,0.0000,0.4340,0.5200,0.3000,0.6370,0.2900,0.0000,0.0000,0.0000
repUS57,41,0.0000,0.0000,0.0700,0.8000,0.3000,0.5483,0.0000,0.0000,0.0833,0.1129
rep1/rep7a,41,0.6227,0.0000,0.0840,0.8000,0.3000,0.6232,0.0000,0.0000,0.0000,0.0000
rep19b/repUS70,41,0.0000,0.0000,0.4328,0.5200,0.3000,0.6341,0.4500,0.0000,0.0000,0.0000
Col(Ye4449),41,0.0000,0.0000,0.4200,0.7600,0.3000,0.5654,0.0000,0.0000,0.0000,0.0000
rep16/rep19/rep20,41,0.0000,0.0000,0.0983,0.8000,0.3000,0.6483,0.3700,0.2277,0.0833,0.1402
repUS18,40,0.6913,0.0000,0.4200,0.8000,0.3000,0.6010,0.0000,0.0000,0.0000,0.0000
rep5a,40,0.4362,0.0000,0.4422,0.8000,0.3000,0.6488,0.3700,0.0000,0.0000,0.0000
repUS2,39,0.0000,0.0000,0.0700,0.5200,0.3000,0.5256,0.0000,0.0000,0.0000,0.0000
IncFIB(K)/IncHI1B,39,0.0000,0.0000,0.1220,0.8000,0.9000,0.6544,0.0000,0.0000,0.1667,0.2240
IncFIB(pCTU3),39,0.0000,0.0000,0.0941,0.5200,0.9000,0.6232,0.2900,0.2277,0.0833,0.1402
rep24b,38,0.0000,0.0000,0.0743,0.8000,0.3000,0.6946,0.0000,0.0000,0.0000,0.0000
IncFII(pCTU2),38,0.0000,0.0000,0.0718,0.7600,0.9000,0.6727,0.3700,0.0000,0.0000,0.0000
repUS64,37,0.0000,0.0000,0.0700,0.4800,0.3000,0.5075,0.0000,0.0000,0.0000,0.0000
rep20/rep22,37,0.6913,0.0000,0.0875,0.8000,0.3000,0.6102,0.2900,0.0000,0.0000,0.0000
IncHI1A/IncHI1B(R27),37,0.0000,0.0000,0.0781,0.7600,0.9000,0.6533,0.0000,0.5286,0.3333,0.5020
IncFIA/IncFIC(FII),37,0.0000,0.0000,0.1092,0.7200,0.9000,0.6625,0.2900,0.0000,0.0000,0.0000
rep40,37,0.0000,0.0000,0.0836,0.5200,0.3000,0.6223,0.0000,0.0000,0.0000,0.0000
IncB/O/K/Z/IncFIB(AP001918),36,0.0000,0.1650,0.0964,0.7600,0.9000,0.6102,0.0000,0.1138,0.0000,0.0701
rep10b,36,0.0000,0.0000,0.0700,0.8000,0.3000,0.4928,0.0000,0.0000,0.0000,0.0000
IncFIB(AP001918)/IncFIC(FII),35,0.0000,0.0000,0.4295,0.7600,0.9000,0.6318,0.0000,0.4553,0.2500,0.3705
IncFII(pKPX1),35,0.0000,0.0000,0.0869,0.8000,0.9000,0.6033,0.0000,0.0000,0.0000,0.0000
repUS4,34,0.0000,0.0000,0.4200,0.4800,0.3000,0.5856,0.0000,0.2277,0.0833,0.0000
IncFII(K)/IncR,33,0.0000,0.0000,0.1018,0.8000,0.9000,0.6527,0.2900,0.0000,0.0833,0.1402
rep20/rep22/rep5a/rep7a/repUS22,33,0.4362,0.0000,0.4417,0.8000,0.3000,0.6934,0.4100,0.0000,0.0000,0.0000
rep21/repUS5,32,0.4362,0.0000,0.1141,0.8000,0.3000,0.6600,0.3300,0.2277,0.0833,0.2542
IncFIA(HI1)/IncR,32,0.0000,0.0000,0.1785,0.8000,0.9000,0.6270,0.2900,0.4081,0.2500,0.3510
IncW,32,0.6913,0.0000,0.7000,0.7600,0.9000,0.6595,0.3300,0.0000,0.0000,0.0701
Col(IRGK),32,0.0000,0.0000,0.0700,0.8000,0.3000,0.5152,0.0000,0.3608,0.1667,0.3315
IncFII(pAMA1167-NDM-5)/IncFII(pRSB107),31,0.0000,0.0000,0.0700,0.7600,0.9000,0.5819,0.0000,0.0000,0.0000,0.0000
rep33,31,0.0000,0.0000,0.4290,0.4800,0.3000,0.6084,0.2900,0.2277,0.0833,0.1402
IncI1/IncQ1,31,0.6913,0.0000,0.1504,0.7200,0.9000,0.6922,0.4400,0.0000,0.0000,0.0000
Col(MG828)/Col440I,30,0.0000,0.0000,0.2450,0.7600,0.5000,0.5576,0.0000,0.0000,0.0000,0.0000
repUS41,30,0.0000,0.0000,0.0700,0.4800,0.3000,0.5826,0.0000,0.0000,0.0000,0.0000
rep39/repUS70,29,0.0000,0.0000,0.4378,0.5200,0.3000,0.6568,0.4100,0.0000,0.0000,0.0000
rep34,29,0.0000,0.0000,0.0700,0.5200,0.3000,0.5332,0.0000,0.2277,0.0000,0.1402
Col440I/ColRNAI,29,0.0000,0.0000,0.4200,0.7600,0.9000,0.5614,0.0000,0.0000,0.0000,0.1402
IncFIA(HI1)/IncFIB(AP001918),28,0.0000,0.0000,0.1366,0.7600,0.9000,0.6281,0.2900,0.6138,0.3333,0.3747
Col156/Col8282,28,0.0000,0.0000,0.4200,0.7600,0.5000,0.5750,0.0000,0.0000,0.0417,0.2122
IncA/C,28,0.0000,0.0000,0.0755,0.8000,0.9000,0.6720,0.0000,0.0000,0.0417,0.1821
rep20/rep7a,28,0.4362,0.0000,0.4445,0.8000,0.3000,0.6453,0.3700,0.0000,0.0000,0.0701
repUS27,28,0.0000,0.0000,0.0851,0.4800,0.3000,0.6278,0.2900,0.0000,0.0000,0.0000
rep4a,27,0.0000,0.0000,0.0700,0.5200,0.3000,0.5092,0.0000,0.0000,0.0000,0.0000
IncX8,27,0.0000,0.0000,0.4200,0.7600,0.3000,0.6599,0.3300,0.0000,0.0000,0.0000
rep20/rep22/repUS22,27,0.6913,0.0000,0.0827,0.4800,0.3000,0.6312,0.4800,0.0000,0.0000,0.0000
IncFIA(HI1)/IncFIB(pB171),27,0.0000,0.0000,0.1088,0.7600,0.9000,0.6575,0.2900,0.0000,0.0000,0.0000
IncFIA/IncFII(pCoo),27,0.0000,0.0000,0.4200,0.7600,0.9000,0.6596,0.2900,0.0000,0.0000,0.0000
Col(MG828)/Col8282,26,0.0000,0.0000,0.0700,0.7200,0.5000,0.5387,0.0000,0.1138,0.0000,0.0000
Col(SD853),26,0.0000,0.0000,0.4200,0.4800,0.3000,0.5945,0.0000,0.0000,0.0000,0.0000
rep19,26,0.0000,0.0000,0.0882,0.8000,0.3000,0.6403,0.0000,0.0000,0.0000,0.0000
rep11c,26,0.0000,0.0000,0.0700,0.8000,0.3000,0.5429,0.0000,0.2277,0.0833,0.1402
IncFIA/IncFII,26,0.0000,0.0000,0.4360,0.7800,0.9000,0.6736,0.1450,0.2277,0.0833,0.3079
Col156/IncFIB(AP001918),24,0.0000,0.4800,0.1232,0.7800,0.9000,0.6649,0.0000,0.2277,0.0833,0.1821
rep22/repUS18,24,0.6913,0.0000,0.4200,0.8000,0.3000,0.6071,0.0000,0.0000,0.0000,0.0000
pSM22,24,0.0000,0.0000,0.5950,0.7200,0.3000,0.6461,0.0000,0.0000,0.0000,0.1402
IncFIB(pB171)/IncFII(Yp),23,0.0000,0.0000,0.2342,0.7600,0.9000,0.6366,0.3300,0.4553,0.3333,0.5020
rep9b/repUS43,23,0.4362,0.0000,0.4333,0.4800,0.3000,0.6601,0.0000,0.2277,0.0833,0.3315
IncX1/IncX9,22,0.0000,0.0000,0.4200,0.7200,0.9000,0.7011,0.3300,0.0000,0.0000,0.0000
Col440II/ColRNAI,22,0.0000,0.0000,0.4200,0.8000,0.9000,0.5863,0.0000,0.0000,0.0000,0.0000
repUS16,22,0.6913,0.0000,0.4200,0.8000,0.3000,0.5471,0.0000,0.0000,0.0000,0.0000
IncL/M,22,0.0000,0.0000,0.1420,0.8000,0.9000,0.6657,0.0000,0.1138,0.0417,0.0000
IncFIA/IncFII(pAMA1167-NDM-5),21,0.0000,0.0000,0.0832,0.7600,0.9000,0.6795,0.2900,0.2277,0.0000,0.0000
repUS52,21,0.0000,0.0000,0.0700,0.7600,0.3000,0.5375,0.0000,0.0000,0.0000,0.0000
IncFIB(AP001918)/IncFII(29),21,0.0000,0.0000,0.4373,0.7600,0.9000,0.6452,0.2900,0.3608,0.1667,0.1995
rep7b,21,0.4362,0.0000,0.4200,0.8000,0.3000,0.5582,0.0000,0.0000,0.0000,0.0000
repUS20/repUS5,21,0.0000,0.0000,0.1044,0.8000,0.3000,0.6325,0.0000,0.0000,0.0000,0.0000
IncFII(SARC14),20,0.0000,0.0000,0.5287,0.7200,0.9000,0.6573,0.0000,0.0000,0.0000,0.0000
rep12,20,0.0000,0.0000,0.0808,0.4800,0.3000,0.6267,0.0000,0.3608,0.0833,0.1402
rep20/repUS12,20,0.6913,0.0000,0.4299,0.5200,0.3000,0.6613,0.6400,0.0000,0.0000,0.0000
rep9a/repUS43,20,0.4362,0.0000,0.4263,0.5200,0.3000,0.6763,0.0000,0.1138,0.0833,0.2240
