cname,n,n_arg,n_highrisk,n_mcr,n_ndm,n_ctxm,n_kpc,n_vf,n_conj,mean_risk,pct_arg,pct_highrisk,pct_mcr,pct_ndm,pct_ctxm,pct_kpc,pct_vf,pct_conj
Colombia,298,84,43,0,0,2,24,11,34,0.256897818694234,28.1879194630873,14.4295302013423,0,0,0.671140939597315,8.05369127516779,3.69127516778523,11.4093959731544
"Unknown,Thailand",85,35,12,3,0,3,0,4,4,0.295913060397654,41.1764705882353,14.1176470588235,3.52941176470588,0,3.52941176470588,0,4.70588235294118,4.70588235294118
"Unknown,Mexico,USA",57,17,8,0,0,0,0,7,10,0.293020714074626,29.8245614035088,14.0350877192982,0,0,0,0,12.280701754386,17.5438596491228
Poland,232,46,28,14,1,3,0,8,22,0.234792312719698,19.8275862068966,12.0689655172414,6.03448275862069,0.431034482758621,1.29310344827586,0,3.44827586206897,9.48275862068965
"Canada,U.K.",58,15,6,0,0,1,0,4,6,0.271124039107468,25.8620689655172,10.3448275862069,0,0,1.72413793103448,0,6.89655172413793,10.3448275862069
"Ecuador,USA",60,13,6,0,0,0,0,6,10,0.253499785608557,21.6666666666667,10,0,0,0,0,10,16.6666666666667
Peru,280,66,25,0,0,0,0,30,7,0.244115470259715,23.5714285714286,8.92857142857143,0,0,0,0,10.7142857142857,2.5
Chile,251,66,22,0,0,1,0,29,19,0.252585706771663,26.2948207171315,8.76494023904382,0,0,0.398406374501992,0,11.5537848605578,7.56972111553785
"Germany,U.K.",94,29,8,0,0,2,1,8,14,0.279559952781453,30.8510638297872,8.51063829787234,0,0,2.12765957446809,1.06382978723404,8.51063829787234,14.8936170212766
Paraguay,138,39,10,2,0,1,1,9,7,0.249933671005141,28.2608695652174,7.2463768115942,1.44927536231884,0,0.72463768115942,0.72463768115942,6.52173913043478,5.07246376811594
Ecuador,584,115,42,0,0,2,0,30,73,0.227784290510412,19.6917808219178,7.19178082191781,0,0,0.342465753424658,0,5.13698630136986,12.5
Brazil,959,176,61,5,2,1,17,46,100,0.235561541049236,18.3524504692388,6.36079249217935,0.521376433785193,0.208550573514077,0.104275286757039,1.77267987486966,4.79666319082378,10.4275286757039
"USA,U.K.",395,75,25,0,0,3,4,51,60,0.254637354394114,18.9873417721519,6.32911392405063,0,0,0.759493670886076,1.0126582278481,12.9113924050633,15.1898734177215
Turkey,128,20,8,0,0,2,2,4,8,0.226146094296785,15.625,6.25,0,0,1.5625,1.5625,3.125,6.25
Laos,131,20,8,6,0,1,0,7,5,0.215912637540836,15.2671755725191,6.10687022900763,4.58015267175573,0,0.763358778625954,0,5.34351145038168,3.81679389312977
"USA,Brazil",84,18,5,0,0,0,0,7,10,0.254560809235652,21.4285714285714,5.95238095238095,0,0,0,0,8.33333333333333,11.9047619047619
"Mexico,USA",101,15,6,0,0,0,0,13,20,0.260364867638568,14.8514851485149,5.94059405940594,0,0,0,0,12.8712871287129,19.8019801980198
"Unknown,Italy",68,19,4,0,0,0,3,0,17,0.275679113874492,27.9411764705882,5.88235294117647,0,0,0,4.41176470588235,0,25
Belgium,395,95,23,5,0,0,0,20,27,0.237715870512202,24.0506329113924,5.82278481012658,1.26582278481013,0,0,0,5.06329113924051,6.83544303797468
"Unknown,Singapore",70,6,4,0,1,1,0,2,5,0.213218370589826,8.57142857142857,5.71428571428571,0,1.42857142857143,1.42857142857143,0,2.85714285714286,7.14285714285714
Argentina,141,40,8,0,0,0,2,13,8,0.256250559080584,28.3687943262411,5.67375886524823,0,0,0,1.41843971631206,9.21985815602837,5.67375886524823
Myanmar,55,7,3,0,1,1,0,0,3,0.231506567297784,12.7272727272727,5.45454545454545,0,1.81818181818182,1.81818181818182,0,0,5.45454545454545
India,600,103,31,0,0,4,0,25,33,0.230079725183967,17.1666666666667,5.16666666666667,0,0,0.666666666666667,0,4.16666666666667,5.5
"Unknown,China",607,159,30,7,0,11,1,22,33,0.248598729687781,26.1943986820428,4.94233937397035,1.15321252059308,0,1.81219110378913,0.164744645799012,3.62438220757825,5.43657331136738
Lebanon,205,38,10,3,1,1,0,11,22,0.232007332594968,18.5365853658537,4.87804878048781,1.46341463414634,0.487804878048781,0.487804878048781,0,5.36585365853659,10.7317073170732
Thailand,1087,233,51,14,2,5,1,21,51,0.241002672557201,21.4351425942962,4.6918123275069,1.28794848206072,0.183992640294388,0.459981600735971,0.0919963201471941,1.93192272309108,4.6918123275069
"U.K.,USA",449,75,21,0,0,0,2,56,61,0.251827975359745,16.7037861915368,4.67706013363029,0,0,0,0.44543429844098,12.4721603563474,13.5857461024499
Vietnam,307,58,14,1,0,4,1,14,33,0.232307005404211,18.8925081433225,4.56026058631922,0.325732899022801,0,1.30293159609121,0.325732899022801,4.56026058631922,10.7491856677524
"Spain,USA",89,15,4,0,0,0,2,10,8,0.241121221671231,16.8539325842697,4.49438202247191,0,0,0,2.24719101123596,11.2359550561798,8.98876404494382
"USA,Italy",67,19,3,0,0,0,0,3,10,0.263607702632079,28.3582089552239,4.47761194029851,0,0,0,0,4.47761194029851,14.9253731343284
South Korea,269,50,12,4,0,10,0,35,37,0.250380867711667,18.5873605947955,4.46096654275093,1.48698884758364,0,3.71747211895911,0,13.0111524163569,13.7546468401487
Portugal,166,39,7,0,0,1,0,1,8,0.231146473543904,23.4939759036145,4.21686746987952,0,0,0.602409638554217,0,0.602409638554217,4.81927710843374
"Unknown,Japan",99,25,4,0,1,3,0,7,11,0.261056801473077,25.2525252525253,4.04040404040404,0,1.01010101010101,3.03030303030303,0,7.07070707070707,11.1111111111111
"Unknown,Netherlands",124,48,5,0,0,1,1,1,6,0.267655041334864,38.7096774193548,4.03225806451613,0,0,0.806451612903226,0.806451612903226,0.806451612903226,4.83870967741936
"Unknown,U.K.,USA",279,41,11,1,0,1,1,37,45,0.257119076901383,14.6953405017921,3.9426523297491,0.3584229390681,0,0.3584229390681,0.3584229390681,13.2616487455197,16.1290322580645
"Unknown,Canada",127,24,5,0,0,1,0,13,21,0.257552710013264,18.8976377952756,3.93700787401575,0,0,0.78740157480315,0,10.2362204724409,16.5354330708661
Egypt,102,19,4,0,1,0,0,2,7,0.224789131365849,18.6274509803922,3.92156862745098,0,0.980392156862745,0,0,1.96078431372549,6.86274509803922
"Switzerland,USA",51,9,2,0,0,0,0,4,2,0.242146773034157,17.6470588235294,3.92156862745098,0,0,0,0,7.84313725490196,3.92156862745098
"Unknown,China,USA",188,53,7,1,0,3,3,10,22,0.270753634215594,28.1914893617021,3.72340425531915,0.531914893617021,0,1.59574468085106,1.59574468085106,5.31914893617021,11.7021276595745
Mexico,250,51,9,0,0,0,0,11,20,0.237218908027165,20.4,3.6,0,0,0,0,4.4,8
"Unknown,U.K.",536,107,19,1,0,8,0,59,68,0.256550127920885,19.9626865671642,3.54477611940299,0.186567164179104,0,1.49253731343284,0,11.0074626865672,12.6865671641791
Switzerland,680,138,24,3,0,5,5,53,72,0.244370646114198,20.2941176470588,3.52941176470588,0.441176470588235,0,0.735294117647059,0.735294117647059,7.79411764705882,10.5882352941176
UK,7623,1386,264,9,2,36,35,684,707,0.245690254182163,18.1818181818182,3.46320346320346,0.118063754427391,0.0262363898727535,0.472255017709563,0.459136822773186,8.9728453364817,9.27456382001836
Finland,58,10,2,0,0,0,1,2,8,0.256995501722259,17.2413793103448,3.44827586206897,0,0,0,1.72413793103448,3.44827586206897,13.7931034482759
"China,U.K.",119,28,4,1,0,2,0,7,12,0.258016743870865,23.5294117647059,3.36134453781513,0.840336134453782,0,1.68067226890756,0,5.88235294117647,10.0840336134454
"Australia,U.K.",92,13,3,0,0,0,0,9,20,0.244609318406916,14.1304347826087,3.26086956521739,0,0,0,0,9.78260869565217,21.7391304347826
Romania,94,13,3,1,0,0,0,1,19,0.226253990943669,13.8297872340426,3.19148936170213,1.06382978723404,0,0,0,1.06382978723404,20.2127659574468
Unknown,13836,3044,440,22,17,74,43,969,1057,0.245067543465498,22.0005782017924,3.18010985834056,0.159005492917028,0.122867880890431,0.53483665799364,0.310783463428737,7.00346921075455,7.63949118242267
"Unknown,Peru",64,4,2,0,0,0,0,37,1,0.246707592494708,6.25,3.125,0,0,0,0,57.8125,1.5625
Pakistan,425,48,13,1,2,3,0,13,22,0.208774011110424,11.2941176470588,3.05882352941176,0.235294117647059,0.470588235294118,0.705882352941177,0,3.05882352941176,5.17647058823529
"Unknown,USA",3138,633,93,1,0,15,23,369,409,0.261429042851221,20.1720841300191,2.96367112810707,0.0318674314850223,0,0.478011472275335,0.732950924155513,11.7590822179732,13.0337794773741
Italy,941,248,27,8,0,3,9,27,177,0.269081466914319,26.3549415515409,2.86928799149841,0.850159404888417,0,0.318809776833156,0.956429330499469,2.86928799149841,18.8097768331562
Spain,983,202,27,1,0,8,6,30,93,0.239061749624391,20.5493387589013,2.74669379450661,0.101729399796541,0,0.81383519837233,0.610376398779247,3.05188199389624,9.46083418107833
"China,Australia",73,16,2,1,0,2,0,8,6,0.24919268421389,21.9178082191781,2.73972602739726,1.36986301369863,0,2.73972602739726,0,10.958904109589,8.21917808219178
"Unknown,U.K.,Canada,USA",73,8,2,0,0,0,0,12,14,0.267305363949111,10.958904109589,2.73972602739726,0,0,0,0,16.4383561643836,19.1780821917808
"Unknown,France",112,18,3,0,0,2,2,12,13,0.244411307603425,16.0714285714286,2.67857142857143,0,0,1.78571428571429,1.78571428571429,10.7142857142857,11.6071428571429
China,6249,1301,163,36,9,57,15,170,355,0.23340640115864,20.8193310929749,2.60841734677548,0.57609217474796,0.14402304368699,0.912145943350936,0.240038406144983,2.72043526964314,5.68090894543127
Germany,2147,434,56,9,1,28,7,114,192,0.24493931963599,20.2142524452725,2.60829063809967,0.419189566837448,0.0465766185374942,1.30414531904984,0.326036329762459,5.30973451327434,8.94271075919888
"France,USA",192,36,5,0,0,1,2,19,24,0.252526799814248,18.75,2.60416666666667,0,0,0.520833333333333,1.04166666666667,9.89583333333333,12.5
Qatar,120,9,3,0,0,4,0,7,13,0.217472936169304,7.5,2.5,0,0,3.33333333333333,0,5.83333333333333,10.8333333333333
"Unknown,Australia",247,40,6,0,0,1,0,24,13,0.234876297040392,16.1943319838057,2.42914979757085,0,0,0.404858299595142,0,9.7165991902834,5.26315789473684
Canada,2243,388,51,0,0,12,1,338,168,0.246907672103485,17.2982612572448,2.27374052608114,0,0,0.534997770842622,0.0445831475702185,15.0691038787338,7.4899687917967
Malaysia,176,27,4,0,1,0,0,1,12,0.246045614832159,15.3409090909091,2.27272727272727,0,0.568181818181818,0,0,0.568181818181818,6.81818181818182
Greece,224,43,5,0,0,1,2,0,73,0.253637096994659,19.1964285714286,2.23214285714286,0,0,0.446428571428571,0.892857142857143,0,32.5892857142857
Austria,91,12,2,0,0,0,1,4,8,0.227454294521815,13.1868131868132,2.1978021978022,0,0,0,1.0989010989011,4.3956043956044,8.79120879120879
Japan,909,129,19,1,0,18,4,73,78,0.238785516599303,14.1914191419142,2.09020902090209,0.11001100110011,0,1.98019801980198,0.44004400440044,8.03080308030803,8.58085808580858
USA,29899,6289,614,6,9,57,150,3231,3165,0.251427886500844,21.0341482992742,2.05358038730392,0.0200675607879862,0.0301013411819793,0.190641827485869,0.501689019699656,10.8063814843306,10.5856383156627
Singapore,394,26,8,0,1,2,0,7,36,0.204849602870153,6.5989847715736,2.03045685279188,0,0.253807106598985,0.50761421319797,0,1.77664974619289,9.13705583756345
Nigeria,254,36,5,1,0,0,0,6,10,0.224136704042136,14.1732283464567,1.96850393700787,0.393700787401575,0,0,0,2.36220472440945,3.93700787401575
Ireland,311,76,6,0,0,2,1,25,14,0.259777497705229,24.4372990353698,1.92926045016077,0,0,0.643086816720257,0.321543408360129,8.03858520900322,4.5016077170418
"Unknown,Brazil",52,7,1,0,0,0,0,2,5,0.231093817326811,13.4615384615385,1.92307692307692,0,0,0,0,3.84615384615385,9.61538461538461
Norway,686,79,13,0,1,3,2,20,34,0.221205417996082,11.5160349854227,1.89504373177843,0,0.145772594752187,0.43731778425656,0.291545189504373,2.91545189504373,4.95626822157434
Lithuania,53,11,1,0,0,0,0,3,6,0.243820235905497,20.7547169811321,1.88679245283019,0,0,0,0,5.66037735849057,11.3207547169811
Czech Republic,162,31,3,0,0,1,1,6,13,0.234646609018972,19.1358024691358,1.85185185185185,0,0,0.617283950617284,0.617283950617284,3.7037037037037,8.02469135802469
Netherlands,1406,449,26,9,1,9,2,77,71,0.260226247188751,31.9345661450925,1.84921763869132,0.640113798008535,0.0711237553342817,0.640113798008535,0.142247510668563,5.47652916073969,5.049786628734
"Denmark,USA",111,36,2,0,0,0,1,11,6,0.262967477635427,32.4324324324324,1.8018018018018,0,0,0,0.900900900900901,9.90990990990991,5.40540540540541
Denmark,1244,426,22,1,0,4,0,60,67,0.26781752102598,34.2443729903537,1.76848874598071,0.0803858520900322,0,0.321543408360129,0,4.82315112540193,5.38585209003215
"Norway,USA",57,5,1,0,0,1,0,2,4,0.228127825426027,8.7719298245614,1.75438596491228,0,0,1.75438596491228,0,3.50877192982456,7.01754385964912
"Unknown,USA,U.K.",172,24,3,0,0,0,2,23,27,0.253285803209769,13.953488372093,1.74418604651163,0,0,0,1.16279069767442,13.3720930232558,15.6976744186047
"Netherlands,USA",58,21,1,0,0,0,0,5,3,0.27526182568185,36.2068965517241,1.72413793103448,0,0,0,0,8.62068965517242,5.17241379310345
Bangladesh,292,33,5,1,1,0,0,4,16,0.218841909582027,11.3013698630137,1.71232876712329,0.342465753424658,0.342465753424658,0,0,1.36986301369863,5.47945205479452
"Germany,USA",190,27,3,0,0,2,0,16,17,0.237332018342386,14.2105263157895,1.57894736842105,0,0,1.05263157894737,0,8.42105263157895,8.94736842105263
"Unknown,Canada,USA",257,47,4,1,0,0,1,35,37,0.270880432801218,18.2879377431907,1.55642023346304,0.389105058365759,0,0,0.389105058365759,13.6186770428016,14.3968871595331
"Unknown,USA,Japan",69,10,1,0,0,1,0,11,13,0.258211701626182,14.4927536231884,1.44927536231884,0,0,1.44927536231884,0,15.9420289855072,18.8405797101449
"China,USA",360,69,5,0,1,3,1,19,26,0.244949509894758,19.1666666666667,1.38888888888889,0,0.277777777777778,0.833333333333333,0.277777777777778,5.27777777777778,7.22222222222222
South Africa,370,57,5,0,1,3,0,17,18,0.212322973835162,15.4054054054054,1.35135135135135,0,0.27027027027027,0.810810810810811,0,4.5945945945946,4.86486486486487
"Canada,USA",457,67,6,0,0,0,0,80,50,0.254097690435436,14.6608315098468,1.3129102844639,0,0,0,0,17.5054704595186,10.9409190371991
France,2187,306,28,0,1,30,2,141,224,0.233318327485492,13.9917695473251,1.28029263831733,0,0.0457247370827618,1.37174211248285,0.0914494741655235,6.44718792866941,10.2423411065386
New Zealand,319,51,4,0,0,6,0,32,21,0.236916634285524,15.987460815047,1.25391849529781,0,0,1.88087774294671,0,10.0313479623824,6.58307210031348
Russia,514,62,6,0,0,6,0,11,33,0.213136663272449,12.0622568093385,1.16731517509728,0,0,1.16731517509728,0,2.14007782101167,6.42023346303502
"Unknown,Germany,USA",93,19,1,0,0,1,0,15,8,0.267786910357802,20.4301075268817,1.0752688172043,0,0,1.0752688172043,0,16.1290322580645,8.60215053763441
Australia,3566,490,38,0,0,21,3,259,286,0.227746694864199,13.7408861469434,1.06561974200785,0,0,0.588895120583287,0.084127874369041,7.2630398205272,8.02019068984857
Hungary,95,20,1,0,0,0,0,7,9,0.248675329335197,21.0526315789474,1.05263157894737,0,0,0,0,7.36842105263158,9.47368421052632
"Unknown,Australia,USA",107,15,1,0,0,0,1,21,18,0.256422383005866,14.018691588785,0.934579439252336,0,0,0,0.934579439252336,19.6261682242991,16.8224299065421
"Unknown,Germany",115,26,1,1,0,1,0,8,7,0.241078379085299,22.6086956521739,0.869565217391304,0.869565217391304,0,0.869565217391304,0,6.95652173913044,6.08695652173913
"Unknown,Denmark",115,58,1,0,0,0,0,7,9,0.309138162989791,50.4347826086957,0.869565217391304,0,0,0,0,6.08695652173913,7.82608695652174
"USA,Japan",122,14,1,0,0,0,0,21,21,0.242985039881995,11.4754098360656,0.819672131147541,0,0,0,0,17.2131147540984,17.2131147540984
Malawi,130,66,1,0,0,0,0,3,1,0.2748125262295,50.7692307692308,0.769230769230769,0,0,0,0,2.30769230769231,0.769230769230769
Kenya,426,70,3,0,0,0,0,18,27,0.224019047329174,16.4319248826291,0.704225352112676,0,0,0,0,4.22535211267606,6.33802816901409
"Australia,USA",294,40,2,0,0,0,0,44,45,0.247956901626916,13.6054421768707,0.680272108843537,0,0,0,0,14.9659863945578,15.3061224489796
Cambodia,169,48,1,0,0,3,0,8,6,0.261555817039504,28.4023668639053,0.591715976331361,0,0,1.77514792899408,0,4.73372781065089,3.55029585798817
Israel,402,76,2,0,0,0,0,18,31,0.226924823328065,18.9054726368159,0.497512437810945,0,0,0,0,4.47761194029851,7.71144278606965
Ghana,201,50,1,0,0,1,0,7,16,0.245729465633252,24.8756218905473,0.497512437810945,0,0,0.497512437810945,0,3.48258706467662,7.96019900497513
Tanzania,292,70,1,0,0,1,0,23,9,0.236040559094011,23.972602739726,0.342465753424658,0,0,0.342465753424658,0,7.87671232876712,3.08219178082192
Sweden,315,51,1,0,0,5,0,23,21,0.224722259926867,16.1904761904762,0.317460317460317,0,0,1.58730158730159,0,7.3015873015873,6.66666666666667
"Unknown,France,USA",79,9,0,0,0,0,0,8,13,0.257199799859133,11.3924050632911,0,0,0,0,0,10.126582278481,16.4556962025316
"France,U.K.",92,15,0,0,0,2,0,10,15,0.255767647413645,16.304347826087,0,0,0,2.17391304347826,0,10.8695652173913,16.304347826087
Rwanda,69,3,0,0,0,0,0,2,5,0.208606142969916,4.34782608695652,0,0,0,0,0,2.89855072463768,7.2463768115942
Estonia,162,18,0,0,0,3,0,20,12,0.219251631976736,11.1111111111111,0,0,0,1.85185185185185,0,12.3456790123457,7.40740740740741
Mozambique,55,7,0,0,0,0,0,6,8,0.22422801038417,12.7272727272727,0,0,0,0,0,10.9090909090909,14.5454545454545
Gambia,89,31,0,0,0,0,0,10,6,0.26166744905943,34.8314606741573,0,0,0,0,0,11.2359550561798,6.74157303370787
Guatemala,63,30,0,0,0,0,0,1,2,0.265005811088818,47.6190476190476,0,0,0,0,0,1.58730158730159,3.17460317460317
Guyana,88,6,0,0,0,0,0,14,8,0.214580853766552,6.81818181818182,0,0,0,0,0,15.9090909090909,9.09090909090909
