arg_family,vf,both,n_arg,n_vf,odds_ratio,p,p_adj,enrichment
PC1 beta-lactamase (blaZ),SE,333,4447,422,108.95362152929,0,0,6.76757034102903
CMY,Colicin Ib,209,671,883,82.7308549548643,3.05179309959939e-283,4.07414378796518e-281,6.37035358617515
AAC/APH,Salmochelin siderophore,126,7122,338,9.94751331839328,2.06844608085516e-67,1.8409170119611e-65,3.3143359254965
AAC/APH,Colicin Ia,285,7122,1690,3.43859202222928,2.43032351601273e-60,1.62224094693849e-58,1.78181795493937
CMY,Colicin Ia,74,671,1690,9.36723014216927,4.3203633656992e-43,2.30707403728337e-41,3.22762251096784
Sul,Colicin Ib,101,3726,883,4.27255897265366,3.53821764594547e-30,1.57450685244573e-28,2.09510040505948
TetR,Colicin Ia,46,488,1690,7.74188647846061,2.12422976269448e-24,8.1024192377061e-23,2.95268515312717
Tet(B),Colicin Ia,45,484,1690,7.62107188523974,1.17587225515979e-23,3.92447365159579e-22,2.92999392354087
CMY,Colicin B,25,671,358,14.3450065724821,4.56636974180542e-20,1.35468969006894e-18,3.84247672399674
CTX-M,Colicin Ib,40,914,883,6.65929123636719,1.91954959387671e-19,5.12519741565082e-18,2.73536863612666
CTX-M,Colicin Ia,43,914,1690,3.65315463774334,4.61625364782992e-12,1.12049065815508e-10,1.86914282415807
MsrA,SE,27,2148,422,3.9279913674181,9.45069345784698e-09,2.10277929437095e-07,1.97379175903225
Tet(K),SE,12,445,422,8.35416778300861,5.75424213769465e-08,1.18183280828036e-06,3.06249611851671
Aad,Colicin Ib,35,1802,883,2.84441074652705,1.50070604803031e-07,2.86206082017209e-06,1.50812981207046
Dfr,Colicin Ib,29,1585,883,2.66215106875636,5.35993732546794e-06,9.54068843933292e-05,1.41259244200925
Mph,SE,27,3149,422,2.64655169502199,1.3893136344946e-05,0.000231841712756287,1.40411383437085
Tet(M),AS,6,699,94,12.1634064119494,1.64692149154297e-05,0.000258663551907043,3.60447541292968
TEM,Colicin Ib,53,4587,883,1.67609563911211,0.000450929146993702,0.00668878234707324,0.7451044725075
TEM,AAI/SCI-II T6SS,13,4587,132,2.8593360150149,0.00124205935442683,0.0170018532234404,1.51568016831138
TEM,Hbp (hemoglobin-binding protease),11,4587,101,3.19839167796172,0.00127354705793561,0.0170018532234404,1.67734662338735
Tet(A),Colicin Ib,34,2746,883,1.78427055188962,0.00153171909780606,0.0194747142435342,0.835334390076176
Qac,Colicin Ib,21,1502,883,2.00777963542575,0.00300008522758676,0.0364101252620756,1.00560093446574
Erm,AS,4,1859,94,2.93440980145224,0.0527906770841801,0.612830903542439,1.55307036291247
TEM,Colicin Ia,74,4587,1690,1.19959072061568,0.0754941261638992,0.839872153573379,0.262542267454742
TetR,Dispersin,2,488,118,4.39293035968968,0.0787540213762368,0.841092948298209,2.13518362883502
Dfr,AAI/SCI-II T6SS,4,1585,132,2.42569405720719,0.0890805597428306,0.908225050282809,1.27839760075369
Tet(B),AAI/SCI-II T6SS,2,484,132,3.9518395895759,0.0939387783997125,0.908225050282809,1.98252438720088
TetR,AAI/SCI-II T6SS,2,488,132,3.91919059328656,0.0952445745614931,0.908225050282809,1.97055573402797
AAC/APH,AAI/SCI-II T6SS,1,7122,132,0.125601531691418,0.999583855225508,1,-2.99307403710576
Aad,AAI/SCI-II T6SS,3,1802,132,1.5834972220507,0.299233784019868,1,0.663114336430077
CTX-M,AAI/SCI-II T6SS,1,914,132,1.03161684482093,0.622322382287636,1,0.0449072355693636
Qac,AAI/SCI-II T6SS,3,1502,132,1.9051004457847,0.214237714034227,1,0.929867065338104
Sul,AAI/SCI-II T6SS,4,3726,132,1.01234385381558,0.560207801267945,1,0.0176994006410148
Tet(A),AAI/SCI-II T6SS,2,2746,132,0.681499282767509,0.791017056832149,1,-0.553215956196279
AAC/APH,AIDA-I type,4,7122,142,0.477126798996237,0.965055048991737,1,-1.06755537378594
Aad,AIDA-I type,1,1802,142,0.482368304196747,0.874154749679588,1,-1.05179298217772
Dfr,AIDA-I type,1,1585,142,0.549387549174438,0.838216402941045,1,-0.86410388004665
Mph,AIDA-I type,1,3149,142,0.272894428259294,0.973801575559703,1,-1.87358515577089
Qac,AIDA-I type,1,1502,142,0.580158804626269,0.821921245426759,1,-0.785480237254586
Sul,AIDA-I type,2,3726,142,0.462492441097318,0.928307083686175,1,-1.11249830824334
TEM,AIDA-I type,3,4587,142,0.563588593736966,0.898293758825101,1,-0.827285681120639
Tet(A),AIDA-I type,2,2746,142,0.632768821958244,0.823364562657932,1,-0.660249578379998
van,AS,1,218,94,6.1497967935373,0.152017892517312,1,2.62053874056579
AAC/APH,AatA,2,7122,120,0.278967596013129,0.992994354308904,1,-1.84183054195896
TEM,AatA,2,4587,120,0.442576373290893,0.938407504883797,1,-1.17600165921586
AAC/APH,Adhesive fimbriae,9,7122,410,0.368876251840799,0.99984475735414,1,-1.43879118320447
Aad,Adhesive fimbriae,3,1802,410,0.500767231191691,0.936819542037225,1,-0.99778793546027
CMY,Adhesive fimbriae,1,671,410,0.450136365353693,0.891460619966749,1,-1.15156597385162
CTX-M,Adhesive fimbriae,2,914,410,0.661691214405093,0.80418084209412,1,-0.595769970566679
Dfr,Adhesive fimbriae,5,1585,410,0.956696686112664,0.599323935956317,1,-0.0638664938971417
Qac,Adhesive fimbriae,6,1502,410,1.21632822916459,0.375052772236626,1,0.282532596125283
Qnr,Adhesive fimbriae,2,1857,410,0.322849620083566,0.984955345570256,1,-1.63106576550654
Sul,Adhesive fimbriae,10,3726,410,0.809351896178004,0.78549422504359,1,-0.305160989897532
TEM,Adhesive fimbriae,7,4587,410,0.452972658917004,0.993705915804306,1,-1.14250412195637
Tet(A),Adhesive fimbriae,4,2746,410,0.435755993738038,0.98058805936914,1,-1.19840758641323
TetR,Adhesive fimbriae,1,488,410,0.620190352485564,0.800874249455157,1,-0.689217010938582
mcr,Adhesive fimbriae,1,291,410,1.04317195296236,0.61770926554457,1,0.0609769864664583
AAC/APH,Aerobactin,4,7122,320,0.208049446712155,0.999991023516943,1,-2.26500164321073
CMY,Aerobactin,1,671,320,0.577543702172841,0.823167837985026,1,-0.79199797689105
CTX-M,Aerobactin,3,914,320,1.27979934033766,0.417788888790846,1,0.355917627886843
Sul,Aerobactin,2,3726,320,0.203288525610784,0.999358903931337,1,-2.29839930868453
TEM,Aerobactin,4,4587,320,0.330129401476448,0.997663025692032,1,-1.59889646352063
Tet(B),Aerobactin,1,484,320,0.802359831930828,0.713141914840442,1,-0.31767871192423
TetR,Aerobactin,1,488,320,0.795743901626529,0.71609295100717,1,-0.329623899421865
AAC/APH,C3610,2,7122,133,0.251255974801381,0.996436373672772,1,-1.99277019127706
Aad,C3610,1,1802,133,0.515262680521802,0.856477441686139,1,-0.956619990220726
Qac,C3610,1,1502,133,0.61976033027041,0.801329178582568,1,-0.690217681289064
Sul,C3610,1,3726,133,0.245196741028771,0.982502841506353,1,-2.02798829095196
TEM,C3610,2,4587,133,0.398613440263487,0.958856331592538,1,-1.32693773976663
AAC/APH,CS31A capsule-like antigen,2,7122,255,0.129958096172481,0.999995174369936,1,-2.94388158078445
Aad,CS31A capsule-like antigen,1,1802,255,0.267522941615026,0.975858222235282,1,-1.90226547875666
CMY,CS31A capsule-like antigen,1,671,255,0.725721415985524,0.748488587748625,1,-0.462512250395803
Dfr,CS31A capsule-like antigen,1,1585,255,0.304709209286483,0.962088201552268,1,-1.7144949913475
Qac,CS31A capsule-like antigen,1,1502,255,0.32177527508911,0.954954390192708,1,-1.63587461990349
Sul,CS31A capsule-like antigen,2,3726,255,0.255676471319767,0.996212150160545,1,-1.96760869250932
TEM,CS31A capsule-like antigen,4,4587,255,0.415846799844081,0.985439909789087,1,-1.26587596510965
Tet(A),CS31A capsule-like antigen,1,2746,255,0.174174089987951,0.99664230366871,1,-2.52139806926335
AAC/APH,Colicin B,13,7122,358,0.619939889216723,0.972471198765972,1,-0.689799759602624
Aad,Colicin B,3,1802,358,0.57436304857032,0.892146981020006,1,-0.799965157981176
CTX-M,Colicin B,1,914,358,0.377861878231885,0.928869812047478,1,-1.40406911971379
Dfr,Colicin B,2,1585,358,0.43472789866183,0.943168721480277,1,-1.20181541134971
Qac,Colicin B,1,1502,358,0.228745191180159,0.987145808205896,1,-2.12818668038013
Sul,Colicin B,3,3726,358,0.273172975209731,0.998646570148497,1,-1.87211332889988
TEM,Colicin B,8,4587,358,0.596465526416942,0.954433424496022,1,-0.745489337192411
Tet(A),Colicin B,6,2746,358,0.754791159552167,0.802962907830023,1,-0.405850569332336
Tet(B),Colicin B,1,484,358,0.716734695208545,0.752729665846903,1,-0.480488901675454
TetR,Colicin B,1,488,358,0.710824783498449,0.755574210020338,1,-0.492434111878978
mcr,Colicin B,2,291,358,2.40619771051327,0.204501626215606,1,1.26675518958721
Aad,Colicin Ia,4,1802,1690,0.159600395544629,0.999999950406791,1,-2.64746386782856
Dfr,Colicin Ia,7,1585,1690,0.319340040718586,0.999927967488262,1,-1.6468346371111
Mph,Colicin Ia,4,3149,1690,0.0902296169300375,0.999999999999998,1,-3.47025512896833
Mrx,Colicin Ia,2,527,1690,0.275833155020752,0.993948631524712,1,-1.85813221631981
Qac,Colicin Ia,1,1502,1690,0.0478235693926552,0.999999998941021,1,-4.38613437773218
Qnr,Colicin Ia,1,1857,1690,0.0385630502458861,0.999999999992283,1,-4.69663701993477
Sul,Colicin Ia,3,3726,1690,0.0568547305858733,1,1,-4.13657579652625
Tet(A),Colicin Ia,8,2746,1690,0.208441491426047,0.999999999016838,1,-2.26228561229722
AAC/APH,Colicin Ib,40,7122,883,0.780299293700578,0.949838356126353,1,-0.357900500761419
Mph,Colicin Ib,9,3149,883,0.394864512777282,0.999608053641202,1,-1.3405703790029
Mrx,Colicin Ib,2,527,883,0.531951566248023,0.888770338116424,1,-0.910633199376553
OXA,Colicin Ib,1,477,883,0.293147723327559,0.966747440841083,1,-1.77030024250841
Qnr,Colicin Ib,17,1857,883,1.29843380826749,0.17522509067244,1,0.376772469989928
Tet(B),Colicin Ib,4,484,883,1.16671066670366,0.449730328473627,1,0.222446830569173
TetR,Colicin Ib,4,488,883,1.15703104555354,0.455932141632848,1,0.21042757547845
AAC/APH,Contact-dependent inhibition CDI system,2,7122,94,0.357885401010349,0.973715841706445,1,-1.48243040086636
AAC/APH,Dispersin,1,7122,118,0.140657585221946,0.999049428683584,1,-2.82974074012302
Mph,Dispersin,1,3149,118,0.328954698155864,0.951500478472174,1,-1.60403917732794
Mrx,Dispersin,1,527,118,2.01135425580804,0.394119468581742,1,1.0081672030191
Sul,Dispersin,1,3726,118,0.276678033672181,0.972379943262439,1,-1.85371998642988
TEM,Dispersin,2,4587,118,0.450214492357209,0.934507326603725,1,-1.15131559714603
Tet(A),Dispersin,3,2746,118,1.15614474436544,0.484369599249834,1,0.209322028379993
Tet(B),Dispersin,1,484,118,2.19107944875014,0.368784635682165,1,1.1316417975366
AAC/APH,Enterotoxin SenB/TieB,2,7122,834,0.0393310715936478,1,1,-4.66818669604969
Aad,Enterotoxin SenB/TieB,4,1802,834,0.326430325345627,0.997999187127943,1,-1.61515300512241
CTX-M,Enterotoxin SenB/TieB,2,914,834,0.32338074439076,0.98490893909074,1,-1.62869431836094
Dfr,Enterotoxin SenB/TieB,3,1585,834,0.278453555146482,0.998456531934808,1,-1.84449138257401
Mph,Enterotoxin SenB/TieB,1,3149,834,0.0459342813844018,0.999999999517096,1,-4.44428493105412
Mrx,Enterotoxin SenB/TieB,1,527,834,0.280884372707463,0.971325206550893,1,-1.83195173402078
Qac,Enterotoxin SenB/TieB,4,1502,834,0.392774670804028,0.990634626725581,1,-1.34822619854347
Sul,Enterotoxin SenB/TieB,4,3726,834,0.155241546794182,0.999999970967482,1,-2.68741338186923
TEM,Enterotoxin SenB/TieB,15,4587,834,0.476793411838332,0.999511032363279,1,-1.06856379359616
Tet(A),Enterotoxin SenB/TieB,1,2746,834,0.0528540414329547,0.999999992245212,1,-4.24184239967363
Tet(B),Enterotoxin SenB/TieB,4,484,834,1.23607943713013,0.407566200081512,1,0.305771461584607
TetR,Enterotoxin SenB/TieB,4,488,834,1.22582421349527,0.413542353633206,1,0.293752107493882
TEM,Etp,1,4587,86,0.307218091982122,0.960497952489294,1,-1.70266491644442
AAC/APH,Hbp (hemoglobin-binding protease),8,7122,101,1.41730327647608,0.221544134546592,1,0.503148501129966
CTX-M,Hbp (hemoglobin-binding protease),1,914,101,1.35173549665625,0.525239950087403,1,0.43481287721566
Sul,Hbp (hemoglobin-binding protease),1,3726,101,0.32376555517257,0.953667416551062,1,-1.62697858677937
Tet(A),Hbp (hemoglobin-binding protease),2,2746,101,0.895125370433832,0.655842415102224,1,-0.159838335821934
Tet(B),Hbp (hemoglobin-binding protease),1,484,101,2.56402066125069,0.325507298532278,1,1.35840788744956
TetR,Hbp (hemoglobin-binding protease),1,488,101,2.54287917503584,0.327703172832492,1,1.34646291396754
Mph,Heat-labile toxin (LT),1,3149,61,0.64177879898064,0.790708882908317,1,-0.639851963589077
Mrx,Heat-labile toxin (LT),1,527,61,3.92389800962347,0.228153433086645,1,1.97228754336075
TEM,Heat-labile toxin (LT),2,4587,61,0.885585186568353,0.662786095674852,1,-0.175297004930404
CMY,Hemolysin,1,671,468,0.394046126907832,0.920768081164321,1,-1.34356357392135
TEM,Hemolysin,1,4587,468,0.0557446430993756,0.999999977560053,1,-4.16502301694431
AAC/APH,Iron/manganese transport,8,7122,480,0.278359471340208,0.999997788612968,1,-1.84497892232461
Aad,Iron/manganese transport,2,1802,480,0.28395463786587,0.992747267422308,1,-1.81626761921739
Dfr,Iron/manganese transport,3,1585,480,0.486446187414416,0.944351645189903,1,-1.03964787763915
Mph,Iron/manganese transport,1,3149,480,0.0801177601417238,0.999995574645082,1,-3.64173410159462
Qac,Iron/manganese transport,2,1502,480,0.341578194944278,0.979979462905683,1,-1.54971221316613
Sul,Iron/manganese transport,4,3726,480,0.271442392582139,0.999700351936757,1,-1.88128204328325
TEM,Iron/manganese transport,7,4587,480,0.385710566494674,0.998912158503303,1,-1.37440942592184
Tet(A),Iron/manganese transport,3,2746,480,0.277885329672831,0.998453741089144,1,-1.8474384221586
Tet(B),Iron/manganese transport,2,484,480,1.07175401797484,0.557799953335254,1,0.0999738257870345
TetR,Iron/manganese transport,2,488,480,1.06288945935824,0.562251532717325,1,0.0879915641990504
AAC/APH,Mig-5,1,7122,532,0.0308868610948184,0.999999999999978,1,-5.01686292654751
Mph,Mig-5,1,3149,532,0.0722405466594953,0.999998839445949,1,-3.79104737973615
Mrx,Mig-5,1,527,532,0.441711868832624,0.895946491829649,1,-1.17882249665936
Qac,Mig-5,1,1502,532,0.15357021083275,0.998458321668783,1,-2.70302970208252
Sul,Mig-5,1,3726,532,0.0607593788987516,0.999999908716278,1,-4.04074906753629
TEM,Mig-5,8,4587,532,0.397825425181212,0.999155174098966,1,-1.32979261255512
Tet(A),Mig-5,1,2746,532,0.0831223062622605,0.999993195208593,1,-3.58862050681547
AAC/APH,Paa,4,7122,199,0.337495110722914,0.996994127368269,1,-1.56706149283322
Aad,Paa,1,1802,199,0.343344428992967,0.945271657393724,1,-1.54227153983362
CMY,Paa,1,671,199,0.931396562684515,0.659352167301164,1,-0.102532536979878
CTX-M,Paa,1,914,199,0.682157338403815,0.769693733489906,1,-0.551823562155019
Dfr,Paa,1,1585,199,0.391068854255713,0.922171578193577,1,-1.35450545423993
Erm,Paa,1,1859,199,0.332657180538582,0.950111792740611,1,-1.58789191968047
Mph,Paa,1,3149,199,0.194281020825335,0.993934836293476,1,-2.36378312293245
Sul,Paa,2,3726,199,0.328519806511495,0.983218044662231,1,-1.60594774140367
TEM,Paa,10,4587,199,1.3831534320838,0.201506611103518,1,0.467961202351421
Tet(A),Paa,5,2746,199,1.14233016412777,0.448122922135193,1,0.191979688623397
AAC/APH,Pef,1,7122,1228,0.0132862201776648,1,1,-6.23392546187627
Aad,Pef,2,1802,1228,0.110031064519564,0.999999708278691,1,-3.18401720476198
CTX-M,Pef,1,914,1228,0.109164402241553,0.999888201184407,1,-3.19542561484025
Dfr,Pef,1,1585,1228,0.0625760232747319,0.999999865506241,1,-3.99824621199039
Mph,Pef,1,3149,1228,0.0310821510546069,0.999999999999982,1,-5.00776984019807
Mrx,Pef,1,527,1228,0.190080992119195,0.994689225359894,1,-2.39531382353447
OXA,Pef,1,477,1228,0.210133165507787,0.991262153390485,1,-2.25062421304066
Qac,Pef,2,1502,1228,0.132363103926594,0.999994998965115,1,-2.91742706640019
Sul,Pef,2,3726,1228,0.0523420899832474,0.999999999999998,1,-4.25588465842912
TEM,Pef,7,4587,1228,0.148467014190693,0.999999999999868,1,-2.75178566049178
Tet(A),Pef,1,2746,1228,0.0357649603921812,0.999999999998907,1,-4.80530934595744
AAC/APH,Pix pilus,4,7122,132,0.514432873193115,0.947961363205975,1,-0.958945258447496
CTX-M,Pix pilus,1,914,132,1.03161684482093,0.622322382287636,1,0.0449072355693636
AAC/APH,Rck,3,7122,1138,0.0431418117745692,1,1,-4.53476942488275
Aad,Rck,2,1802,1138,0.118836372831816,0.99999897881957,1,-3.0729516184066
Mph,Rck,1,3149,1138,0.0335676668166925,0.999999999999813,1,-4.89678392646482
Mrx,Rck,1,527,1138,0.205277137829779,0.99219000354227,1,-2.28435513464122
Qac,Rck,1,1502,1138,0.0713647487415039,0.999999066734785,1,-3.8086445717436
Sul,Rck,2,3726,1138,0.0565316259472137,0.999999999999971,1,-4.1447979977832
TEM,Rck,12,4587,1138,0.276541277437338,0.999999991696854,1,-1.85443325706912
Tet(A),Rck,1,2746,1138,0.0386248348532731,0.999999999991692,1,-4.69432742522045
Tet(B),Rck,1,484,1138,0.22363065476168,0.988387257150067,1,-2.16081013192381
TetR,Rck,1,488,1138,0.221786626183789,0.988807916890074,1,-2.17275572181354
AAC/APH,SE,13,7122,422,0.522642542080313,0.995954859160053,1,-0.936103532896255
Erm,SE,4,1859,422,0.630141269429097,0.876313009843791,1,-0.666252796659796
LnuA,SE,1,481,422,0.611274662100293,0.805487515805955,1,-0.710107327588072
SAT-4,SE,1,672,422,0.436608330722284,0.898648761809479,1,-1.19558843689704
Tet(M),SE,1,699,422,0.419627968310318,0.907578763044028,1,-1.25281725777793
CTX-M,Salmochelin siderophore,1,914,338,0.400351732676825,0.917534433452964,1,-1.32066004485255
TEM,Salmochelin siderophore,4,4587,338,0.312291007210355,0.998620012075114,1,-1.67903706904416
Tet(A),Salmochelin siderophore,7,2746,338,0.93696112405456,0.618780732462742,1,-0.0939389053777448
Tet(B),Salmochelin siderophore,2,484,338,1.52643354649824,0.378760418490165,1,0.610164782977835
TetR,Salmochelin siderophore,2,488,338,1.5138182826209,0.382605247784576,1,0.598192035907571
AAC/APH,Sfp fimbriae,2,7122,156,0.213688850510679,0.998941523114302,1,-2.22641645938651
CTX-M,Sfp fimbriae,1,914,156,0.871703539212667,0.683636933136485,1,-0.198090527808211
Aad,ShET2,3,1802,121,1.73128634243855,0.256134832479832,1,0.791844355930383
Dfr,ShET2,3,1585,121,1.97225294797503,0.200784751897376,1,0.979844594001141
Qac,ShET2,3,1502,121,2.08286342624777,0.180450813417754,1,1.05856824469076
Sul,ShET2,3,3726,121,0.823448026788043,0.705823505614178,1,-0.280250500019383
TEM,ShET2,2,4587,121,0.438853592221312,0.940273854306216,1,-1.18818837837418
Tet(A),ShET2,2,2746,121,0.744562196346652,0.749495400496625,1,-0.425535726787847
Tet(B),ShET2,1,484,121,2.13639167059702,0.376128921534273,1,1.0951761645478
TetR,ShET2,1,488,121,2.1187572209374,0.378561595655473,1,1.08321828510695
AAC/APH,SpvB,2,7122,731,0.0449286442141118,1,1,-4.47622066263604
Aad,SpvB,1,1802,731,0.0927196657771329,0.999977355255992,1,-3.43098082384602
CTX-M,SpvB,1,914,731,0.184230986832493,0.995507710855751,1,-2.44041235816058
Mph,SpvB,1,3149,731,0.0524604248091322,0.999999993115757,1,-4.25262669960326
Mrx,SpvB,1,527,731,0.320783514706034,0.955479044492332,1,-1.64032809231822
OXA,SpvB,1,477,731,0.354622798057415,0.940154504491047,1,-1.49564280741807
Qac,SpvB,1,1502,731,0.111524664351793,0.999864165170543,1,-3.16456528875061
Sul,SpvB,2,3726,731,0.0883950068340453,0.999999995056134,1,-3.49989131132558
TEM,SpvB,9,4587,731,0.324349318339369,0.999985876411885,1,-1.62437968807185
Tet(A),SpvB,1,2746,731,0.0603631040406782,0.999999921619445,1,-4.05018919456369
CTX-M,TTSS secreted effectors,2,914,87,3.18433901857775,0.134430626913584,1,1.67099393964541
TEM,TTSS secreted effectors,2,4587,87,0.61456556834904,0.835175481352281,1,-0.702361154125691
AAC/APH,TTSS-2 secreted effectors,3,7122,782,0.0630539615893633,1,1,-3.98726917392733
Aad,TTSS-2 secreted effectors,1,1802,782,0.0866286708337172,0.999989288157321,1,-3.52901160796334
CTX-M,TTSS-2 secreted effectors,1,914,782,0.172129072051787,0.996922719246636,1,-2.53843731033436
Mph,TTSS-2 secreted effectors,1,3149,782,0.0490138773826646,0.99999999815251,1,-4.35066591000367
Mrx,TTSS-2 secreted effectors,1,527,782,0.299712265104651,0.964192020256819,1,-1.73834997051673
OXA,TTSS-2 secreted effectors,1,477,782,0.331328865776274,0.950859672198481,1,-1.59366419663545
Qac,TTSS-2 secreted effectors,1,1502,782,0.104198458232081,0.999927161027155,1,-3.26259416388694
Qnr,TTSS-2 secreted effectors,1,1857,782,0.0840236534566928,0.999992466138228,1,-3.57306067234758
Sul,TTSS-2 secreted effectors,2,3726,782,0.0825798822332918,0.999999998891411,1,-3.5980658286785
TEM,TTSS-2 secreted effectors,11,4587,782,0.371241825156995,0.99996273990199,1,-1.42956883714989
Tet(A),TTSS-2 secreted effectors,2,2746,782,0.112986059105561,0.999999532117041,1,-3.1457833195922
AAC/APH,ToxB,1,7122,374,0.0440317221123736,0.999999999742026,1,-4.50531291955407
Aad,ToxB,2,1802,374,0.365183641591202,0.972414585840959,1,-1.4533059536721
Qac,ToxB,2,1502,374,0.439288613838207,0.940935309455597,1,-1.18675898897373
Sul,ToxB,2,3726,374,0.173750411726685,0.999857433944178,1,-2.52491169837298
TEM,ToxB,1,4587,374,0.069849055608503,0.999999224263563,1,-3.8396155799115
AAC/APH,TraJ,10,7122,626,0.266356842396009,0.999999949804949,1,-1.90856775236264
Aad,TraJ,1,1802,626,0.108390047500169,0.999894349237621,1,-3.20569580204552
CMY,TraJ,1,671,626,0.294054970142848,0.966409231287492,1,-1.76584221962356
CTX-M,TraJ,5,914,626,1.08853092163389,0.487151582618687,1,0.122382390396347
Dfr,TraJ,2,1585,626,0.247475443418077,0.99707791494423,1,-2.01464271885317
Erm,TraJ,2,1859,626,0.210489302829487,0.999168006923887,1,-2.24818117820849
Mph,TraJ,3,3149,626,0.184709695089349,0.999984478265688,1,-2.4366685020362
Mrx,TraJ,3,527,626,1.13288684222797,0.495131913665032,1,0.180003765563154
Qac,TraJ,2,1502,626,0.261345762531056,0.995746039207184,1,-1.93596832730562
Sul,TraJ,6,3726,626,0.312389905858726,0.99984542635903,1,-1.67858025793384
TEM,TraJ,26,4587,626,1.1328875794206,0.29495370117739,1,0.180004704354004
Tet(A),TraJ,3,2746,626,0.212550957418275,0.999904221815568,1,-2.2341193373947
Tet(B),TraJ,3,484,626,1.23459194833437,0.439915032836294,1,0.304034287648049
Tet(M),TraJ,1,699,626,0.282195034307411,0.970856149117355,1,-1.82523549335581
TetR,TraJ,3,488,626,1.22437017156952,0.445154984551243,1,0.292039803086883
mcr,TraJ,1,291,626,0.681447251155625,0.769945709212945,1,-0.553326108350605
AAC/APH,Tsh,2,7122,98,0.342961849941552,0.978487882193584,1,-1.54387999067937
Aad,Tsh,1,1802,98,0.70138164462074,0.760739308470667,1,-0.511728419587683
Dfr,Tsh,1,1585,98,0.798879188921573,0.715455236404587,1,-0.323950747831608
Qac,Tsh,1,1502,98,0.843624178972291,0.695975296089074,1,-0.245327650320567
Sul,Tsh,2,3726,98,0.674711711574537,0.795553498299972,1,-0.567656890685184
TEM,Tsh,4,4587,98,1.11185015535089,0.489975391905809,1,0.15296236836819
Tet(A),Tsh,2,2746,98,0.923120654000291,0.639598577885761,1,-0.115408871120416
Tet(B),Tsh,1,484,98,2.64336589184951,0.317568376093311,1,1.40237613508977
TetR,Tsh,1,488,98,2.62158305205781,0.319724182891633,1,1.39043825132594
AAC/APH,Type 3 fimbriae,8,7122,167,0.828530771156366,0.745258439693926,1,-0.271372815581481
Aad,Type 3 fimbriae,1,1802,167,0.409638998784367,0.912652566214034,1,-1.28757502438708
CTX-M,Type 3 fimbriae,1,914,167,0.813867844876104,0.708311906422013,1,-0.297133544892888
Dfr,Type 3 fimbriae,1,1585,167,0.466577160883619,0.882626994806498,1,-1.09981240626731
OXA,Type 3 fimbriae,1,477,167,1.56654586597613,0.4736879032567,1,0.64758701014792
Qac,Type 3 fimbriae,1,1502,167,0.492708035298933,0.868602092928035,1,-1.02119509494136
Sul,Type 3 fimbriae,6,3726,167,1.207579728215,0.384168363742535,1,0.27211844347364
TEM,Type 3 fimbriae,9,4587,167,1.48913037700912,0.165396238999364,1,0.574470070931571
Tet(A),Type 3 fimbriae,6,2746,167,1.65280144639253,0.165620220631222,1,0.724913421841276
