acc_base,accession,label,n_arg,n_highrisk,has_vf,length_bp,is_chromosome,replicons,n_housekeeping,S_ARG,n_vf,S_VF,S_SIZE,n_metal,S_BM,n_is,n_tn,S_MOB,S_REP,S_HOST,S_GEO,S_HAB,S_GROW,S_final,grade
AP038815,AP038815,high_risk,5,1,0,245609,False,IncHI2A;IncHI2;pKPC-CAV1321,0,0.756641376279689,0,0.0,0.974728756094472,22,0.814382860162688,18,5,0.114046716529117,0.9,0.76,0.0,0.0,0.0,0.580863362925101,B
AP038818,AP038818,high_risk,22,1,0,204226,False,IncHI2A;IncHI2;pKPC-CAV1321,0,1.0,0,0.0,0.965509070040806,14,0.703362697029958,16,5,0.115424088999442,0.9,0.76,0.0,0.0,0.0,0.615604298040891,A
AP038824,AP038824,high_risk,22,1,0,205339,False,IncHI2A;IncHI2;pKPC-CAV1321,0,1.0,0,0.0,0.965822110973674,14,0.703362697029958,16,5,0.115340485733348,0.9,0.76,0.0,0.0,0.0,0.615643832414944,A
AP039430,AP039430,high_risk,1,1,0,113772,False,IncFIB(pHCM2),0,0.415338279036697,0,0.0,0.910165433698937,0,0.0,2,0,0.102636852652674,0.9,0.76,0.227670248696953,0.0833333333333333,0.14016454749439,0.313898160301908,C
AP044704,AP044704,high_risk,19,2,0,164974,False,IncFIB(AP001918);IncN;IncFII(pRSB107);IncFIA,0,1.0,0,0.0,0.950789093990669,5,0.465374228362632,11,4,0.595,0.9,0.76,0.0,0.0,0.0,0.660561205223701,A
AP044710,AP044710,high_risk,11,1,0,140791,False,Col156;IncFIA;IncI1-I(Alpha),0,0.971979655316386,0,0.0,0.936184385932966,3,0.360062653313385,8,1,0.42,0.9,0.76,0.0,0.0,0.0,0.593101988977919,B
AP044716,AP044716,high_risk,18,2,1,193783,False,IncFIB(AP001918);IncFII(pRSB107);IncN;IncFIA,0,1.0,5,0.747221736309214,0.962340303919,11,0.645405555019324,16,2,0.595,0.9,0.76,0.0,0.0,0.0,0.782567782468126,A
AP045776,AP045776,high_risk,3,1,1,103807,False,IncN;IncFII(pHN7A8),0,0.630676558073393,1,0.289064826317888,0.896267322851639,1,0.25,7,0,0.595,0.9,0.76,0.0,0.0,0.0,0.546487758352384,B
AP045778,AP045778,high_risk,6,1,1,122974,False,IncFIB(AP001918);IncFIC(FII),0,0.804530977561084,10,1.0,0.920617608168047,7,0.540093979970078,8,2,0.436668518724303,0.9,0.76,0.0,0.0,0.0,0.700320740105047,A
AP045782,AP045782,high_risk,10,1,0,87315,False,IncY,0,0.944948051202489,0,0.0,0.864814884722755,10,0.622806063781382,10,1,0.118897096718777,0.9,0.76,0.0,0.0833333333333333,0.0,0.567800685536507,B
AP045784,AP045784,high_risk,2,1,1,91405,False,IncN;ColE10;IncFII(pHN7A8),0,0.541303097242993,1,0.289064826317888,0.873845340457825,1,0.25,3,0,0.595,0.9,0.76,0.0,0.0,0.0,0.5205552407243,B
AP045790,AP045790,high_risk,8,1,1,108535,False,IncX1;IncFII(pHN7A8),0,0.882606194485985,1,0.289064826317888,0.903243461792912,2,0.285342901705939,11,1,0.595,0.9,0.76,0.0,0.0,0.0,0.616885840107063,A
AP045794,AP045794,high_risk,3,1,1,95878,False,ColE10;IncN;IncFII(pHN7A8),0,0.630676558073393,1,0.289064826317888,0.882714516593653,1,0.25,3,0,0.595,0.9,0.76,0.0,0.0,0.0,0.54403741098094,B
AP045801,AP045801,high_risk,8,1,1,108536,False,IncFII(pHN7A8);IncX1,0,0.882606194485985,1,0.289064826317888,0.903244860590377,2,0.285342901705939,11,1,0.595,0.9,0.76,0.0,0.0,0.0,0.616886093009644,A
AP045807,AP045807,high_risk,10,1,0,244194,False,IncHI2;pKPC-CAV1321;IncHI2A,0,0.944948051202489,0,0.0,0.974480333229233,12,0.666195071670059,14,4,0.111056782721934,0.9,0.76,0.0,0.0,0.0,0.595008415672478,B
AP045809,AP045809,high_risk,3,1,1,99218,False,IncN;IncFII(pHN7A8),0,0.630676558073393,1,0.289064826317888,0.888734257861261,1,0.25,4,0,0.595,0.9,0.76,0.0,0.0,0.0,0.545125780202123,B
AP045813,AP045813,high_risk,6,1,1,174130,False,IncFIB(AP001918);IncFIC(FII);IncFIA,0,0.804530977561084,10,1.0,0.954998303767486,7,0.540093979970078,13,3,0.436668518724303,0.9,0.76,0.0,0.0,0.0,0.706536769869426,A
AP045815,AP045815,high_risk,14,1,1,112230,False,IncFIB(AP001918);Col156;IncFIA,0,1.0,1,0.289064826317888,0.908208212866675,2,0.285342901705939,10,1,0.42,0.9,0.76,0.0,0.0,0.0,0.61080397069103,A
AP045817,AP045817,high_risk,15,1,1,162036,False,IncFIB(AP001918);Col156;IncFII(pAMA1167-NDM-5);IncFIA,0,1.0,1,0.289064826317888,0.949307800053779,2,0.285342901705939,11,2,0.429578981778811,0.9,0.76,0.0,0.0,0.0,0.620189846235513,A
AP045821,AP045821,high_risk,8,1,0,88597,False,IncFII,0,0.882606194485985,0,0.0,0.867747872651519,1,0.25,5,0,0.42,0.9,0.76,0.0,0.0,0.0,0.535604811785564,B
AP045823,AP045823,high_risk,8,1,0,88651,False,IncFII,0,0.882606194485985,0,0.0,0.86786929926763,1,0.25,5,0,0.42,0.9,0.76,0.0,0.0,0.0,0.535626765717757,B
AP045827,AP045827,high_risk,8,1,1,127637,False,IncFIC(FII);IncFIB(AP001918),0,0.882606194485985,5,0.747221736309214,0.925215866279024,6,0.505411831014226,13,4,0.436668518724303,0.9,0.76,0.0,0.0,0.0,0.685235550714742,A
AP045829,AP045829,high_risk,11,1,1,151884,False,IncFIB(AP001918);IncFII,0,0.971979655316386,1,0.289064826317888,0.943617554215981,6,0.505411831014226,14,2,0.42,0.9,0.76,0.0,0.0,0.0,0.656825157098346,A
AP051959,AP051959,low_risk,0,0,0,2096,False,ColpVC,0,0.0,0,0.0,0.0097284953795468,0,0.0,0,0,0.07,0.3,0.76,0.0,0.0,0.0,0.0383779119646221,E
AP051969,AP051969,low_risk,0,0,0,2097,False,ColpVC,0,0.0,0,0.0,0.0097364813158801,0,0.0,0,0,0.07,0.3,0.76,0.0,0.0,0.0,0.0383793558219111,E
CP039952,CP039952,high_risk,11,1,0,156332,False,IncFIB(K),0,0.971979655316386,0,0.0,0.946226771109197,25,0.846226398326751,21,2,0.122068418493974,0.9,0.8,0.0,0.0,0.0,0.637915599379224,A
CP039955,CP039955,high_risk,11,1,0,156332,False,IncFIB(K),0,0.971979655316386,0,0.0,0.946226771109197,25,0.846226398326751,21,2,0.122068418493974,0.9,0.8,0.0,0.0,0.0,0.637915599379224,A
CP041032,CP041032,high_risk,10,1,1,126409,False,IncFIB(AP001918);Col156;IncFIC(FII);IncFIA,0,0.944948051202489,6,0.811507562957249,0.924045508977353,7,0.540093979970078,15,1,0.436668518724303,0.9,0.76,0.0,0.0,0.0,0.7146558330989,A
CP073927,CP073927,high_risk,8,1,1,118380,False,IncFIB(AP001918);IncFIC(FII);IncFIA,0,0.882606194485985,5,0.747221736309214,0.915647600821195,6,0.505411831014226,16,1,0.436668518724303,0.9,0.76,0.0,0.0,0.0,0.683505608319966,A
CP073995,CP073995,high_risk,10,1,1,98811,False,IncFIB(AP001918);IncFIC(FII);IncFIA,0,0.944948051202489,5,0.747221736309214,0.888026182847404,5,0.465374228362632,12,1,0.436668518724303,0.9,0.76,0.0,0.0,0.0,0.685317000794488,A
CP074036,CP074036,high_risk,2,1,0,88772,False,IncI1-I(Alpha),0,0.541303097242993,0,0.0,0.868140773922302,1,0.25,1,0,0.10168972198441,0.3,0.76,0.0,0.0,0.0,0.385357722387255,C
CP094354,CP094354,high_risk,8,1,0,131782,False,,0,0.882606194485985,0,0.0,0.92896770607837,3,0.360062653313385,6,1,0.107967704238819,0.3,0.76,0.0,0.0,0.0,0.504432798484068,B
CP099747,CP099747,high_risk,9,1,0,177859,False,IncC,0,0.915338279036696,0,0.0,0.956553996277335,3,0.360062653313385,9,2,0.109277011565341,0.3,0.76,0.0,0.0,0.0,0.517700443675398,B
CP099750,CP099750,high_risk,9,1,0,177859,False,IncC,0,0.915338279036696,0,0.0,0.956553996277335,3,0.360062653313385,9,2,0.109277011565341,0.3,0.76,0.0,0.0,0.0,0.517700443675398,B
CP099753,CP099753,high_risk,9,1,0,177859,False,IncC,0,0.915338279036696,0,0.0,0.956553996277335,3,0.360062653313385,9,2,0.109277011565341,0.3,0.76,0.0,0.0,0.0,0.517700443675398,B
CP099755,CP099755,high_risk,9,1,0,177860,False,IncC,0,0.915338279036696,0,0.0,0.956554402182543,3,0.360062653313385,10,2,0.1101203193523,0.3,0.76,0.0,0.0,0.0,0.517872636182378,B
CP114251,CP114251,high_risk,18,2,0,98796,False,IncR,0,1.0,0,0.0,0.887999955768016,5,0.465374228362632,8,1,0.113664520830803,0.9,0.8,0.0,0.0,0.0,0.552096357734612,B
CP114539,CP114539,high_risk,11,1,0,251844,False,repHI5B_1_pC39;repFIB_1_pC39,0,0.971979655316386,0,0.0,0.975779598284539,12,0.666195071670059,11,1,0.107147281650546,0.3,0.76,0.0,0.0,0.0,0.599262730312889,B
CP115125,CP115125,high_risk,8,1,0,161895,False,IncFIB(pB171);IncFII(Yp);IncFII(pAR0022),0,0.882606194485985,0,0.0,0.949234974426745,7,0.540093979970078,18,5,0.595,0.9,0.78,0.0,0.0,0.0,0.647887028356205,A
CP118000,CP118000,high_risk,2,2,0,93075,False,IncFII(pAR0022);IncFIA(HI1);IncFII(pKP91),0,0.541303097242993,0,0.0,0.877272063814257,2,0.285342901705939,5,2,0.11222972972973,0.9,0.8,0.0,0.0,0.0,0.399552296020834,C
CP123933,CP123933,high_risk,6,1,1,299962,False,IncHI1B(pNDM-MAR),0,0.804530977561084,6,0.811507562957249,0.982009902832744,13,0.685443157670919,19,2,0.110501330168488,0.3,0.76,0.0,0.0,0.0,0.653088719026715,A
CP123934,CP123934,low_risk,0,0,0,112868,False,,0,0.0,0,0.0,0.909025863869581,0,0.0,0,0,0.0851933352000387,0.3,0.76,0.0,0.0,0.0,0.204071835901948,D
CP123940,CP123940,high_risk,6,1,1,299905,False,IncHI1B(pNDM-MAR),0,0.804530977561084,6,0.811507562957249,0.982004069554788,13,0.685443157670919,19,2,0.11050332605325,0.3,0.76,0.0,0.0,0.0,0.65308807173014,A
CP136450,CP136450,high_risk,8,1,0,120635,False,IncFIA(HI1),0,0.882606194485985,0,0.0,0.918145176944133,1,0.25,13,4,0.121138143988063,0.9,0.8,0.0,0.0,0.0,0.484846939589632,B
CP136470,CP136470,high_risk,7,1,0,182565,False,IncFIA(HI1);IncFII(pKP91),0,0.84601483711009,0,0.0,0.95840079765842,0,0.0,14,3,0.113967627968121,0.9,0.8,0.0,0.0,0.0,0.428904089209486,C
CP146489,CP146489,low_risk,0,0,0,3830,False,,0,0.0,0,0.0,0.0272336673708097,0,0.0,0,0,0.0851933352000387,0.3,0.76,0.0,0.0,0.0,0.0446438067749703,E
CP146490,CP146490,low_risk,0,0,0,3069,False,,0,0.0,0,0.0,0.0186973803833293,0,0.0,0,0,0.0851933352000387,0.3,0.76,0.0,0.0,0.0,0.0431004460876338,E
CP146914,CP146914,low_risk,0,0,0,7596,False,,0,0.0,0,0.0,0.0842353143503509,0,0.0,0,0,0.0851933352000387,0.3,0.76,0.0,0.0,0.0,0.0549497045488714,E
CP146915,CP146915,low_risk,0,0,0,7096,False,,0,0.0,0,0.0,0.0755481621771326,0,0.0,0,0,0.0851933352000387,0.3,0.76,0.0,0.0,0.0,0.0533790674359535,E
CP146917,CP146917,low_risk,0,0,0,5648,False,,0,0.0,0,0.0,0.0521087812594337,1,0.25,0,0,0.0851933352000387,0.3,0.76,0.0,0.0,0.0,0.101941227366034,E
CP146918,CP146918,low_risk,0,0,0,5456,False,,0,0.0,0,0.0,0.049219769902367,0,0.0,0,0,0.0851933352000387,0.3,0.76,0.0,0.0,0.0,0.0486188941126759,E
CP156758,CP156758,low_risk,0,0,0,9028,False,,0,0.0,0,0.0,0.110453337600069,0,0.0,0,0,0.0851933352000387,0.3,0.76,0.0,0.0,0.0,0.0596899231524204,E
CP165980,CP165980,low_risk,0,0,0,6143,False,,0,0.0,0,0.0,0.0598069721534628,1,0.25,0,0,0.0851933352000387,0.3,0.76,0.0,0.0,0.0,0.103333060279674,E
CP166293,CP166293,high_risk,13,1,0,300111,False,IncHI2;pKPC-CAV1321;IncHI2A,0,1.0,0,0.0,0.982025137230311,22,0.814382860162688,22,2,0.111995561642192,0.9,0.76,0.0,0.0,0.0,0.641338099008771,A
CP168551,CP168551,low_risk,0,0,0,1577,False,,0,0.0,0,0.0,0.0059573270012605,0,0.0,0,0,0.0851933352000387,0.3,0.76,0.0,0.0,0.0,0.0407970444361558,E
CP171944,CP171944,high_risk,7,1,0,461234,False,,1,0.84601483711009,0,0.0,0.991398672859481,17,0.75071713006857,5,2,0.102276501732309,0.3,0.76,0.0,0.0,0.0,0.588107404051591,B
CP171946,CP171946,high_risk,7,1,1,398781,False,,0,0.84601483711009,3,0.578129652635776,0.988952616566639,11,0.645405555019324,0,1,0.100376146305867,0.3,0.76,0.0,0.0,0.0,0.628398499809788,A
CP172965,CP172965,high_risk,8,1,0,425148,False,IncP6,0,0.882606194485985,0,0.0,0.990103962665913,12,0.666195071670059,2,2,0.435260110004141,0.9,0.76,0.0,0.0,0.0,0.648741780448728,A
CP173286,CP173286,high_risk,21,4,0,335980,False,IncFIB(pNDM-Mar);IncHI1B(pNDM-MAR),0,1.0,0,0.0,0.985178860229205,19,0.778082448637404,21,0,0.109375558068933,0.3,0.76,0.0,0.0,0.0,0.631906902483529,A
CP176562,CP176562,high_risk,16,3,0,312954,False,IncHI2A;IncHI2;pKPC-CAV1321,0,1.0,0,0.0,0.983265998396872,30,0.891910534276641,19,3,0.110544680687897,0.9,0.76,0.0,0.0,0.0,0.657640166677781,A
CP178201,CP178201,low_risk,0,0,0,175805,False,IncFIB(K),0,0.0,0,0.0,0.955707640950808,30,0.891910534276641,12,3,0.11279827081141,0.9,0.8,0.0,0.0,0.0,0.409445573395741,C
CP187415,CP187415,low_risk,0,0,0,5417,False,,0,0.0,0,0.0,0.0486398438537619,0,0.0,0,0,0.0851933352000387,0.3,0.76,0.0,0.0,0.0,0.0485140434830881,E
CP189406,CP189406,high_risk,16,1,0,100107,False,IncFIB(AP001918);IncFII(pAMA1167-NDM-5);IncFIA,0,1.0,0,0.0,0.890257376267304,2,0.285342901705939,14,1,0.429578981778811,0.9,0.76,0.0,0.0,0.0,0.577832024650478,B
CP189410,CP189410,high_risk,16,1,0,97178,False,IncFIB(AP001918);IncFII(pAMA1167-NDM-5);IncFIA,0,1.0,0,0.0,0.885115087029743,2,0.285342901705939,14,1,0.429578981778811,0.9,0.76,0.0,0.0,0.0,0.576902298756327,B
CP189450,CP189450,high_risk,7,1,1,125383,False,IncFIB(AP001918);Col156;IncFIC(FII);IncFIA,0,0.84601483711009,6,0.811507562957249,0.923045884824136,6,0.505411831014226,14,0,0.436668518724303,0.9,0.76,0.0,0.0,0.0,0.682931380382703,A
CP189465,CP189465,high_risk,22,2,0,108280,False,IncFIB(AP001918);IncFII(pAMA1167-NDM-5);IncFIA,0,1.0,0,0.0,0.90288575589725,3,0.360062653313385,15,1,0.429578981778811,0.9,0.76,0.0,0.0,0.0,0.595896047227065,B
CP189486,CP189486,high_risk,13,2,0,134732,False,IncFIB(AP001918);ColKP3;IncX3;IncFII(pAMA1167-NDM-5);IncFIA,0,1.0,0,0.0,0.931463975761276,3,0.360062653313385,16,1,0.429578981778811,0.9,0.8,0.0,0.0,0.0,0.602190989378481,A
CP189488,CP189488,high_risk,5,1,1,89482,False,IncFIB(AP001918);IncFIC(FII);IncFIA,0,0.756641376279689,5,0.747221736309214,0.869716869328755,5,0.465374228362632,11,1,0.436668518724303,0.9,0.76,0.0,0.0,0.0,0.635909202889215,A
CP189494,CP189494,high_risk,7,1,1,96878,False,IncFIB(AP001918);IncFIC(FII);IncFIA,0,0.84601483711009,5,0.747221736309214,0.884567781549176,5,0.465374228362632,14,1,0.436668518724303,0.9,0.76,0.0,0.0,0.0,0.660472871029949,A
CP189508,CP189508,high_risk,7,1,1,96878,False,IncFIB(AP001918);IncFIC(FII);IncFIA,0,0.84601483711009,5,0.747221736309214,0.884567781549176,5,0.465374228362632,14,1,0.436668518724303,0.9,0.76,0.0,0.0,0.0,0.660472871029949,A
CP189515,CP189515,high_risk,7,1,1,96857,False,IncFIB(AP001918);IncFIC(FII);IncFIA,0,0.84601483711009,5,0.747221736309214,0.884529321789573,5,0.465374228362632,14,1,0.436668518724303,0.9,0.76,0.0,0.0,0.0,0.660465917505413,A
CP189522,CP189522,high_risk,16,1,0,100923,False,IncFIB(AP001918);IncFII(pAMA1167-NDM-5);IncFIA,0,1.0,0,0.0,0.8916276459374,2,0.285342901705939,15,1,0.429578981778811,0.9,0.76,0.0,0.0,0.0,0.578079769406832,B
CP189536,CP189536,high_risk,16,1,0,97178,False,IncFIB(AP001918);IncFII(pAMA1167-NDM-5);IncFIA,0,1.0,0,0.0,0.885115087029743,2,0.285342901705939,14,1,0.429578981778811,0.9,0.76,0.0,0.0,0.0,0.576902298756327,B
CP193668,CP193668,high_risk,14,3,0,173488,False,IncFIB(pECLA);IncFII(pECLA),0,1.0,0,0.0,0.95472173231134,36,0.937864800570352,13,2,0.112969196716776,0.9,0.8,0.0,0.0,0.14016454749439,0.66586816698041,A
CP193675,CP193675,high_risk,20,3,0,198902,False,IncFIB(pECLA);IncFII(pECLA),0,1.0,0,0.0,0.96394788082846,46,1.0,15,2,0.112820383907653,0.9,0.8,0.0,0.0,0.14016454749439,0.680628836057505,A
CP193678,CP193678,high_risk,19,3,0,295960,False,IncHI2A;pKPC-CAV1321;IncHI2,0,1.0,0,0.0,0.981593023861072,32,0.908148965487321,13,4,0.108616029193134,0.9,0.76,0.0,0.0,0.0,0.660373611783323,A
CP193681,CP193681,high_risk,13,3,0,270545,False,IncHI2;pKPC-CAV1321;IncHI2A,0,1.0,0,0.0,0.978552640171999,23,0.825436881676017,11,4,0.108316546230756,0.9,0.76,0.0,0.0,0.0,0.64229399383877,A
CP193685,CP193685,high_risk,19,3,0,295958,False,IncHI2A;pKPC-CAV1321;IncHI2,0,1.0,0,0.0,0.981592811752063,32,0.908148965487321,13,4,0.108616087417809,0.9,0.76,0.0,0.0,0.0,0.66037358531767,A
CP193690,CP193690,high_risk,19,3,0,295959,False,IncHI2A;pKPC-CAV1321;IncHI2,0,1.0,0,0.0,0.981592917807046,32,0.908148965487321,13,4,0.108616058305373,0.9,0.76,0.0,0.0,0.0,0.660373598550563,A
CP193692,CP193692,high_risk,19,3,0,297284,False,IncHI2A;pKPC-CAV1321;IncHI2,0,1.0,0,0.0,0.98173260367883,32,0.908148965487321,14,4,0.109082224404946,0.9,0.76,0.0,0.0,0.0,0.660493998257104,A
CP193701,CP193701,high_risk,14,3,0,277319,False,IncHI2A;pKPC-CAV1321;IncHI2,0,1.0,0,0.0,0.979435971026078,29,0.88339402368665,13,4,0.10919518677047,0.9,0.76,0.0,0.0,0.0,0.654873578983988,A
CP193706,CP193706,high_risk,14,3,0,277318,False,IncHI2A;pKPC-CAV1321;IncHI2,0,1.0,0,0.0,0.979435844857554,29,0.88339402368665,13,4,0.109195219928025,0.9,0.76,0.0,0.0,0.0,0.654873562940176,A
CP193708,CP193708,high_risk,19,3,0,297023,False,IncHI2A;pKPC-CAV1321;IncHI2,0,1.0,0,0.0,0.981705219916956,32,0.908148965487321,14,5,0.109595216532053,0.9,0.76,0.0,0.0,0.0,0.6605937489661,A
CP193714,CP193714,high_risk,19,3,0,296788,False,IncHI2;pKPC-CAV1321;IncHI2A,0,1.0,0,0.0,0.981680508940207,32,0.908148965487321,14,5,0.109602814129951,0.9,0.76,0.0,0.0,0.0,0.660590831891235,A
LC942391,LC942391,high_risk,5,1,0,109659,False,IncFIA;IncFII(pRSB107),0,0.756641376279689,0,0.0,0.904796392759253,1,0.25,9,3,0.595,0.9,0.76,0.0,0.0,0.0,0.547184496724141,B
LC942392,LC942392,high_risk,5,1,0,109659,False,IncFIA;IncFII(pRSB107),0,0.756641376279689,0,0.0,0.904796392759253,1,0.25,9,3,0.595,0.9,0.76,0.0,0.0,0.0,0.547184496724141,B
LC942393,LC942393,high_risk,12,1,0,121298,False,IncFIA;IncFII(pRSB107),0,0.996846320583541,0,0.0,0.918857899590669,2,0.285342901705939,11,2,0.595,0.9,0.76,0.0,0.0,0.0,0.615993408365138,A
LC942394,LC942394,high_risk,12,1,0,121298,False,IncFIA;IncFII(pRSB107),0,0.996846320583541,0,0.0,0.918857899590669,2,0.285342901705939,11,2,0.595,0.9,0.76,0.0,0.0,0.0,0.615993408365138,A
LC942395,LC942395,high_risk,10,1,0,120243,False,IncFIA;IncFII(pRSB107),0,0.944948051202489,0,0.0,0.91771923925177,2,0.285342901705939,11,2,0.595,0.9,0.76,0.0,0.0,0.0,0.603082842231384,A
LC942397,LC942397,high_risk,5,1,0,106502,False,IncFIA;IncFII(pRSB107),0,0.756641376279689,0,0.0,0.900334432970153,1,0.25,8,2,0.595,0.9,0.76,0.0,0.0,0.0,0.546377774394272,B
NC_004961,NC_004961,low_risk,0,0,0,6886,False,,0,0.0,0,0.0,0.0719832088318636,0,0.0,0,0,0.0851933352000387,0.3,0.76,0.0,0.0,0.0,0.0527345238711289,E
NC_011376,NC_011376,low_risk,0,0,0,2970,False,,0,0.0,0,0.0,0.0176804140793045,0,0.0,0,0,0.0851933352000387,0.3,0.76,0.0,0.0,0.0,0.0429165785798662,E
NC_023916,NC_023916,high_risk,1,1,0,111741,False,IncFIB(H89-PhagePlasmid),0,0.415338279036697,0,0.0,0.907573867010213,0,0.0,1,0,0.10134238999114,0.3,0.76,0.0,0.0,0.0,0.308780147660822,C
NZ_AP050513,NZ_AP050513,high_risk,9,1,0,128582,False,IncFIA;IncFII,0,0.915338279036696,0,0.0,0.926097693261914,2,0.285342901705939,10,2,0.42,0.9,0.76,0.0,0.0,0.0,0.561631694490232,B
NZ_CP021328,NZ_CP021328,high_risk,24,2,0,446611,False,IncFII(p14);IncFIB(pQil);IncU;repFIB_1_pC39;repHI5B_1_pC39,0,1.0,0,0.0,0.990908052746438,24,0.836039590648038,32,4,0.436746326063824,0.9,0.8,0.0,0.0,0.0,0.714927662631048,A
NZ_CP035159,NZ_CP035159,low_risk,0,0,0,4443,False,,0,0.0,0,0.0,0.0349662499444223,0,0.0,0,0,0.0851933352000387,0.3,0.76,0.0,0.0,0.0,0.0460418577042795,E
NZ_CP035160,NZ_CP035160,low_risk,0,0,0,5443,False,,0,0.0,0,0.0,0.0490261991383095,0,0.0,0,0,0.0851933352000387,0.3,0.76,0.0,0.0,0.0,0.0485838965185343,E
NZ_CP038654,NZ_CP038654,high_risk,19,3,0,296117,False,IncHI2A;pKPC-CAV1321;IncHI2,0,1.0,0,0.0,0.981609662469619,30,0.891910534276641,15,3,0.109118017540364,0.9,0.76,0.0,0.0,0.0,0.657049519193722,A
NZ_CP038657,NZ_CP038657,high_risk,15,3,0,263189,False,IncHI2A;pKPC-CAV1321;IncHI2,0,1.0,0,0.0,0.977524244890241,22,0.814382860162688,14,3,0.109688854777365,0.9,0.76,0.0,0.0,0.0,0.640053538802576,A
NZ_CP038659,NZ_CP038659,high_risk,23,3,0,385971,False,IncHI2;pKPC-CAV1321;IncHI2A,0,1.0,0,0.0,0.988315440873719,30,0.891910534276641,16,4,0.107772604677554,0.9,0.76,0.0,0.0,0.0,0.657987325163884,A
NZ_CP061945,NZ_CP061945,low_risk,0,0,0,5284,False,,0,0.0,0,0.0,0.0466800462145963,0,0.0,0,0,0.0851933352000387,0.3,0.76,0.0,0.0,0.0,0.0481597120699269,E
NZ_CP072508,NZ_CP072508,high_risk,5,1,1,91525,False,rep9c_1_repA(pTW9),0,0.756641376279689,1,0.289064826317888,0.874096377884345,0,0.0,5,0,0.108194482381863,0.3,0.76,0.0,0.0,0.0,0.419358432853336,C
NZ_CP085727,NZ_CP085727,high_risk,13,1,0,265587,False,IncHI2A;pKPC-CAV1321;IncHI2,0,1.0,0,0.0,0.977867828327682,30,0.891910534276641,20,3,0.112990093641632,0.9,0.76,0.0,0.0,0.0,0.657163286313129,A
NZ_CP085728,NZ_CP085728,high_risk,4,1,0,106850,False,,0,0.7,0,0.0,0.900841798404382,7,0.540093979970078,1,1,0.10280767430978,0.3,0.76,0.0,0.0,0.0,0.491615092047819,B
NZ_CP085765,NZ_CP085765,low_risk,0,0,0,100320,False,IncFII(Yp),0,0.0,0,0.0,0.890617592201634,4,0.418019795324019,4,1,0.595,0.9,0.78,0.0,0.0,0.0,0.395444941442488,C
NZ_CP085766,NZ_CP085766,high_risk,9,1,0,364473,False,IncHI1A(NDM-CIT);IncHI1B(pNDM-CIT),0,0.915338279036696,0,0.0,0.987108050077671,28,0.874588763425817,16,2,0.1074079561449,0.3,0.76,0.0,0.0,0.0,0.631511056846933,A
NZ_CP088966,NZ_CP088966,low_risk,0,0,0,188867,False,,0,0.0,0,0.0,0.960688733808384,6,0.505411831014226,4,0,0.103176838727782,0.3,0.76,0.0,0.0,0.0,0.323825894567101,C
NZ_CP089039,NZ_CP089039,high_risk,19,1,0,317317,False,,0,1.0,0,0.0,0.983657172846784,12,0.666195071670059,26,11,0.117490396039292,0.3,0.76,0.0,0.0,0.0,0.609657405819034,A
NZ_CP089040,NZ_CP089040,low_risk,0,0,0,125695,False,,0,0.0,0,0.0,0.92335199828501,1,0.25,8,3,0.113127013803254,0.3,0.76,0.0,0.0,0.0,0.265163264807174,D
NZ_CP089045,NZ_CP089045,high_risk,15,1,0,258901,False,,0,1.0,0,0.0,0.976888673871615,9,0.598051121980712,20,10,0.117381161138814,0.3,0.76,0.0,0.0,0.0,0.594019364186746,B
NZ_CP089046,NZ_CP089046,low_risk,0,0,0,100542,False,,0,0.0,0,0.0,0.890991114852949,13,0.685443157670919,13,10,0.134314018022319,0.3,0.76,0.0,0.0,0.0,0.355602279543867,C
NZ_CP089047,NZ_CP089047,low_risk,0,0,0,100296,False,,0,0.0,0,0.0,0.890577094606526,0,0.0,0,0,0.0851933352000387,0.3,0.76,0.0,0.0,0.0,0.200736298419188,D
NZ_CP089048,NZ_CP089048,low_risk,0,0,0,90792,False,,0,0.0,0,0.0,0.872551054782784,0,0.0,9,4,0.121477663230241,0.3,0.76,0.0,0.0,0.0,0.204882821770019,D
NZ_CP089052,NZ_CP089052,high_risk,20,1,0,313387,False,,0,1.0,0,0.0,0.983305473041397,11,0.645405555019324,30,11,0.119624298391446,0.3,0.76,0.0,0.0,0.0,0.60563860204766,A
NZ_CP091812,NZ_CP091812,high_risk,12,1,0,344532,False,IncFII(pECLA);IncHI1A(NDM-CIT);IncHI1B(pNDM-CIT),0,0.996846320583541,0,0.0,0.98580310327496,15,0.720125306626771,15,7,0.109904229848364,0.9,0.8,0.0,0.0,0.14016454749439,0.624103517270756,A
NZ_CP092456,NZ_CP092456,low_risk,0,0,0,7232,False,,0,0.0,0,0.0,0.0778839382241886,0,0.0,0,0,0.0851933352000387,0.3,0.76,0.0,0.0,0.0,0.0538013757452612,E
NZ_CP097015,NZ_CP097015,high_risk,6,1,0,232122,False,repUS15_2_repA(pNB2354p1);rep1_1_repE(pAMbeta),0,0.804530977561084,0,0.0,0.972196071944688,12,0.666195071670059,21,1,0.114216661927779,0.3,0.76,0.0,0.0,0.0,0.559066252950729,B
NZ_CP098481,NZ_CP098481,low_risk,0,0,0,8308,False,,0,0.0,0,0.0,0.0970449003160629,0,0.0,0,0,0.0851933352000387,0.3,0.76,0.0,0.0,0.0,0.0572656776914721,E
NZ_CP100393,NZ_CP100393,high_risk,15,1,0,243752,False,,0,1.0,0,0.0,0.974401950270303,15,0.720125306626771,14,2,0.109846073057862,0.3,0.76,0.0,0.0,0.0,0.617813920879554,A
NZ_CP115070,NZ_CP115070,low_risk,0,0,0,3066,False,,0,0.0,0,0.0,0.0186662338542835,0,0.0,0,0,0.0851933352000387,0.3,0.76,0.0,0.0,0.0,0.0430948147951824,E
NZ_CP115080,NZ_CP115080,low_risk,0,0,0,5066,False,Col(IMGS31),0,0.0,0,0.0,0.0435289504491137,0,0.0,0,0,0.07,0.3,0.8,0.36084880671453,0.166666666666667,0.223984043879332,0.0498175395629644,E
NZ_CP115081,NZ_CP115081,low_risk,0,0,0,4046,False,,0,0.0,0,0.0,0.0298756206308827,0,0.0,0,0,0.0851933352000387,0.3,0.76,0.0,0.0,0.0,0.0451214719243915,E
NZ_CP115082,NZ_CP115082,low_risk,0,0,0,2348,False,Col(IRGK),0,0.0,0,0.0,0.0118244300649326,0,0.0,0,0,0.07,0.3,0.8,0.36084880671453,0.166666666666667,0.331538269758165,0.0456664093979233,E
NZ_CP115087,NZ_CP115087,low_risk,0,0,0,2520,False,Col(IMGS31),0,0.0,0,0.0,0.0133488952756465,0,0.0,0,0,0.07,0.3,0.8,0.36084880671453,0.166666666666667,0.223984043879332,0.0443609855876015,E
NZ_CP115088,NZ_CP115088,low_risk,0,0,0,2348,False,Col(IRGK),0,0.0,0,0.0,0.0118244300649326,0,0.0,0,0,0.07,0.3,0.8,0.36084880671453,0.166666666666667,0.331538269758165,0.0456664093979233,E
NZ_CP115097,NZ_CP115097,low_risk,0,0,0,2520,False,Col(IMGS31),0,0.0,0,0.0,0.0133488952756465,0,0.0,0,0,0.07,0.3,0.8,0.36084880671453,0.166666666666667,0.223984043879332,0.0443609855876015,E
NZ_CP117476,NZ_CP117476,high_risk,16,1,0,130842,False,IncFIB(pB171),0,1.0,0,0.0,0.928142726168501,5,0.465374228362632,19,5,0.127514100976751,0.9,0.76,0.0,0.0,0.0,0.561052869930808,B
NZ_CP121793,NZ_CP121793,high_risk,2,2,1,296497,False,,0,0.541303097242993,2,0.458156909991326,0.981649836801641,9,0.598051121980712,26,0,0.113153590086915,0.3,0.76,0.0,0.0,0.0,0.531942330732936,B
NZ_CP123933,NZ_CP123933,high_risk,6,1,1,299962,False,IncHI1B(pNDM-MAR),0,0.804530977561084,6,0.811507562957249,0.982009902832744,13,0.685443157670919,19,2,0.110501330168488,0.3,0.76,0.0,0.0,0.0,0.653088719026715,A
NZ_CP123934,NZ_CP123934,low_risk,0,0,0,112868,False,,0,0.0,0,0.0,0.909025863869581,0,0.0,0,0,0.0851933352000387,0.3,0.76,0.0,0.0,0.0,0.204071835901948,D
NZ_CP123935,NZ_CP123935,low_risk,0,0,0,86836,False,IncFII(pAR0022);IncFIA(HI1);IncFII(pKP91),0,0.0,0,0.0,0.863693769240358,0,0.0,1,1,0.11222972972973,0.9,0.8,0.0,0.0,0.0,0.204321921316495,D
NZ_CP126762,NZ_CP126762,high_risk,11,1,0,174893,False,IncFII(pECLA);IncFIB(pECLA),0,0.971979655316386,0,0.0,0.955323598187674,42,0.976897642579472,21,1,0.118868679707021,0.9,0.8,0.0,0.0,0.14016454749439,0.668565424662937,A
NZ_CP126768,NZ_CP126768,high_risk,11,1,0,174866,False,IncFII(pECLA);IncFIB(pECLA),0,0.971979655316386,0,0.0,0.955312149626852,42,0.976897642579472,21,1,0.118871593105578,0.9,0.8,0.0,0.0,0.14016454749439,0.668563949387787,A
NZ_CP126775,NZ_CP126775,low_risk,0,0,0,110856,False,IncFIB(pHCM2),0,0.0,0,0.0,0.906408608323793,0,0.0,0,0,0.0786415485655029,0.9,0.76,0.227670248696953,0.0833333333333333,0.14016454749439,0.206646674001707,D
NZ_CP126820,NZ_CP126820,high_risk,10,1,0,249398,False,IncHI2A;IncHI2;pKPC-CAV1321,0,0.944948051202489,0,0.0,0.975375649008099,28,0.874588763425817,16,1,0.110224620887096,0.9,0.76,0.0,0.0,0.0,0.639013192233622,A
NZ_CP126852,NZ_CP126852,high_risk,4,1,0,110786,False,IncFIB(pB171);IncFII(Yp);IncFII(pAR0022),0,0.7,0,0.0,0.90631548169303,0,0.0,10,2,0.595,0.9,0.78,0.0,0.0,0.0,0.4813573390901,B
NZ_CP126870,NZ_CP126870,high_risk,12,2,0,153892,False,IncFII(pECLA);IncFIB(pECLA),0,0.996846320583541,0,0.0,0.944819233195227,27,0.865474484327612,22,1,0.122418319340836,0.9,0.8,0.0,0.0,0.14016454749439,0.649945505556172,A
NZ_CP126874,NZ_CP126874,high_risk,12,2,0,184852,False,IncFII(pECLA);IncFIB(pECLA),0,0.996846320583541,0,0.0,0.959254522671735,36,0.937864800570352,23,1,0.119475039491052,0.9,0.8,0.0,0.0,0.14016454749439,0.66724351726665,A
NZ_CP126879,NZ_CP126879,high_risk,8,1,0,186838,False,IncFIB(K);IncL,0,0.882606194485985,0,0.0,0.959973956286041,26,0.856028705117817,17,5,0.117662359905373,0.9,0.8,0.0,0.0,0.0,0.619693437884255,A
NZ_CP129424,NZ_CP129424,low_risk,0,0,0,2361,False,,0,0.0,0,0.0,0.0119370303145243,0,0.0,0,0,0.0851933352000387,0.3,0.76,0.0,0.0,0.0,0.0418781747951939,E
NZ_CP130904,NZ_CP130904,low_risk,0,0,0,5546,False,Col440II,0,0.0,0,0.0,0.0505670104073369,0,0.0,0,0,0.42,0.5,0.8,0.0,0.0,0.0,0.118924515481646,E
NZ_CP130905,NZ_CP130905,low_risk,0,0,0,4500,False,Col(Ye4449),0,0.0,0,0.0,0.035721239631597,0,0.0,0,0,0.42,0.3,0.76,0.0,0.0,0.0,0.114512400125393,E
NZ_CP131472,NZ_CP131472,low_risk,0,0,0,9239,False,,0,0.0,0,0.0,0.114458688523536,1,0.25,0,0,0.0851933352000387,0.3,0.76,0.0,0.0,0.0,0.113214090599383,E
NZ_CP144924,NZ_CP144924,low_risk,0,0,0,1957,False,,0,0.0,0,0.0,0.0086447416859336,0,0.0,0,0,0.0851933352000387,0.3,0.76,0.0,0.0,0.0,0.0412829290111447,E
NZ_CP146488,NZ_CP146488,low_risk,0,0,0,9379,False,,0,0.0,0,0.0,0.117133584244725,0,0.0,0,0,0.0851933352000387,0.3,0.76,0.0,0.0,0.0,0.0608977117457742,E
NZ_CP146914,NZ_CP146914,low_risk,0,0,0,7596,False,,0,0.0,0,0.0,0.0842353143503509,0,0.0,0,0,0.0851933352000387,0.3,0.76,0.0,0.0,0.0,0.0549497045488714,E
NZ_CP146915,NZ_CP146915,low_risk,0,0,0,7096,False,,0,0.0,0,0.0,0.0755481621771326,0,0.0,0,0,0.0851933352000387,0.3,0.76,0.0,0.0,0.0,0.0533790674359535,E
NZ_CP146917,NZ_CP146917,low_risk,0,0,0,5648,False,,0,0.0,0,0.0,0.0521087812594337,1,0.25,0,0,0.0851933352000387,0.3,0.76,0.0,0.0,0.0,0.101941227366034,E
NZ_CP146918,NZ_CP146918,low_risk,0,0,0,5456,False,,0,0.0,0,0.0,0.049219769902367,0,0.0,0,0,0.0851933352000387,0.3,0.76,0.0,0.0,0.0,0.0486188941126759,E
NZ_CP146919,NZ_CP146919,low_risk,0,0,0,1882,False,,0,0.0,0,0.0,0.0080819561761916,0,0.0,0,0,0.0851933352000387,0.3,0.76,0.0,0.0,0.0,0.0411811773909834,E
NZ_CP156028,NZ_CP156028,low_risk,0,0,0,7542,False,,0,0.0,0,0.0,0.0832841800460193,0,0.0,0,0,0.0851933352000387,0.3,0.76,0.0,0.0,0.0,0.0547777394666482,E
NZ_CP157268,NZ_CP157268,high_risk,20,1,0,255719,False,,0,1.0,0,0.0,0.976398648358587,22,0.814382860162688,6,7,0.107625557741114,0.3,0.76,0.0,0.0,0.0,0.637628912024554,A
NZ_CP162157,NZ_CP162157,low_risk,0,0,0,4305,False,Col(pHAD28),0,0.0,0,0.0,0.0331630874153133,0,0.0,0,0,0.0851933352000387,0.3,0.76,0.0,0.0,0.0,0.0457158459190166,E
NZ_CP165980,NZ_CP165980,low_risk,0,0,0,6143,False,,0,0.0,0,0.0,0.0598069721534628,1,0.25,0,0,0.0851933352000387,0.3,0.76,0.0,0.0,0.0,0.103333060279674,E
NZ_CP165987,NZ_CP165987,low_risk,0,0,0,3598,False,,0,0.0,0,0.0,0.0245008761722681,0,0.0,0,0,0.0851933352000387,0.3,0.76,0.0,0.0,0.0,0.044149718126274,E
NZ_CP166138,NZ_CP166138,low_risk,0,0,0,4076,False,,0,0.0,0,0.0,0.0302498182501192,0,0.0,0,0,0.0851933352000387,0.3,0.76,0.0,0.0,0.0,0.0451891268539495,E
NZ_CP166293,NZ_CP166293,high_risk,13,1,0,300111,False,IncHI2;pKPC-CAV1321;IncHI2A,0,1.0,0,0.0,0.982025137230311,22,0.814382860162688,22,2,0.111995561642192,0.9,0.76,0.0,0.0,0.0,0.641338099008771,A
NZ_CP168552,NZ_CP168552,low_risk,0,0,0,7380,False,,0,0.0,0,0.0,0.0804491843926454,3,0.360062653313385,0,0,0.0851933352000387,0.3,0.76,0.0,0.0,0.0,0.130310404632305,E
NZ_CP172578,NZ_CP172578,high_risk,9,1,0,289270,False,repHI5B_1_pC39;repFIB_1_pC39,0,0.915338279036696,0,0.0,0.980861487035896,24,0.836039590648038,12,0,0.10622256023784,0.3,0.76,0.0,0.0,0.0,0.621998153653682,A
NZ_CP172579,NZ_CP172579,high_risk,1,1,0,171410,False,IncFIA(pBK30683);IncFII(pKP91);IncFII(pAR0022),0,0.415338279036697,0,0.0,0.953808168759459,16,0.735871357970233,12,4,0.11400151683099,0.3,0.76,0.0,0.0,0.0,0.475139068008412,B
NZ_CP174541,NZ_CP174541,high_risk,2,1,0,99500,False,IncFIB(pB171);IncFII(pAR0022);IncFII(Yp),0,0.541303097242993,0,0.0,0.889220875016505,1,0.25,10,2,0.595,0.9,0.78,0.0,0.0,0.0,0.492217632408069,B
NZ_CP174545,NZ_CP174545,high_risk,6,1,0,177994,False,IncX3;IncFIB(pHCM2),0,0.804530977561084,0,0.0,0.956608740141905,10,0.622806063781382,9,1,0.42,0.9,0.8,0.227670248696953,0.0833333333333333,0.14016454749439,0.615007941749784,A
NZ_CP175579,NZ_CP175579,high_risk,4,1,0,98733,False,IncN;IncX3,0,0.7,0,0.0,0.887889699863789,4,0.418019795324019,5,0,0.42,0.9,0.8,0.0,0.0,0.0,0.531158238507806,B
NZ_CP175833,NZ_CP175833,low_risk,0,0,0,4397,False,,0,0.0,0,0.0,0.0343612887251029,0,0.0,0,0,0.0851933352000387,0.3,0.76,0.0,0.0,0.0,0.0459324807158265,E
NZ_CP175834,NZ_CP175834,low_risk,0,0,0,2701,False,,0,0.0,0,0.0,0.0150326101556564,0,0.0,0,0,0.0851933352000387,0.3,0.76,0.0,0.0,0.0,0.0424378556304706,E
NZ_CP175842,NZ_CP175842,low_risk,0,0,0,2735,False,,0,0.0,0,0.0,0.0153577870247004,0,0.0,0,0,0.0851933352000387,0.3,0.76,0.0,0.0,0.0,0.0424966476083937,E
NZ_CP175947,NZ_CP175947,high_risk,17,1,0,96399,False,IncR,0,1.0,0,0.0,0.883685663976216,9,0.598051121980712,12,1,0.120228425606075,0.9,0.8,0.0,0.0,0.0,0.580677386675426,B
NZ_CP178201,NZ_CP178201,low_risk,0,0,0,175805,False,IncFIB(K),0,0.0,0,0.0,0.955707640950808,30,0.891910534276641,12,3,0.11279827081141,0.9,0.8,0.0,0.0,0.0,0.409445573395741,C
NZ_CP187415,NZ_CP187415,low_risk,0,0,0,5417,False,,0,0.0,0,0.0,0.0486398438537619,0,0.0,0,0,0.0851933352000387,0.3,0.76,0.0,0.0,0.0,0.0485140434830881,E
NZ_CP187416,NZ_CP187416,low_risk,0,0,0,5112,False,,0,0.0,0,0.0,0.044187423224258,0,0.0,0,0,0.0851933352000387,0.3,0.76,0.0,0.0,0.0,0.0477090458332738,E
NZ_CP189634,NZ_CP189634,high_risk,8,1,0,230007,False,repUS15_2_repA(pNB2354p1),0,0.882606194485985,0,0.0,0.971763011583322,3,0.360062653313385,34,0,0.122173238205794,0.3,0.76,0.0,0.0,0.0,0.515069539202023,B
NZ_CP196046,NZ_CP196046,low_risk,0,0,0,2890,False,,0,0.0,0,0.0,0.0168751557697599,0,0.0,0,0,0.0851933352000387,0.3,0.76,0.0,0.0,0.0,0.0427709878775005,E
NZ_CP196052,NZ_CP196052,low_risk,0,0,0,9188,False,rep28_1_repA(pCIS4),0,0.0,0,0.0,0.113487646316948,0,0.0,0,0,0.0851933352000387,0.3,0.76,0.0,0.0,0.0,0.0602385261684321,E
NZ_CP196053,NZ_CP196053,low_risk,0,0,0,8686,False,rep28_2_LBPp6g007(LBPp6),0,0.0,0,0.0,0.104032040560625,1,0.25,0,0,0.0851933352000387,0.3,0.76,0.0,0.0,0.0,0.111328952647689,E
NZ_CP196054,NZ_CP196054,low_risk,0,0,0,6143,False,,0,0.0,0,0.0,0.0598069721534628,1,0.25,0,0,0.0851933352000387,0.3,0.76,0.0,0.0,0.0,0.103333060279674,E
NZ_JACKZO010000422,NZ_JACKZO010000422,low_risk,0,0,0,1072,False,,0,0.0,0,0.0,0.0030556400615736,0,0.0,0,0,0.0851933352000387,0.3,0.76,0.0,0.0,0.0,0.0402724194374604,E
NZ_JACKZO010000449,NZ_JACKZO010000449,low_risk,0,0,0,8228,False,,0,0.0,0,0.0,0.0955819341544727,0,0.0,0,0,0.0851933352000387,0.3,0.76,0.0,0.0,0.0,0.0570011734094566,E
NZ_JACKZO010000454,NZ_JACKZO010000454,low_risk,0,0,0,1183,False,,0,0.0,0,0.0,0.0036240009671278,0,0.0,1,0,0.226796280642435,0.3,0.76,0.0,0.0,0.0,0.0692763402539776,E
NZ_JAESGZ010000002,NZ_JAESGZ010000002,high_risk,18,2,0,259441,False,IncHI2A;IncN;IncHI2;pKPC-CAV1321,0,1.0,0,0.0,0.976970251727735,16,0.735871357970233,19,5,0.139880158198768,0.9,0.76,0.0,0.0,0.0,0.629533792604056,A
NZ_JAESGZ010000003,NZ_JAESGZ010000003,low_risk,0,0,0,86432,False,,0,0.0,0,0.0,0.862737252351489,0,0.0,0,0,0.0851933352000387,0.3,0.76,0.0,0.0,0.0,0.195702854939477,D
NZ_JAHPLL010000015,NZ_JAHPLL010000015,low_risk,0,0,0,110516,False,IncFIB(pNDM-Mar),0,0.0,0,0.0,0.90595494609018,0,0.0,3,0,0.104071808606899,0.3,0.76,0.0,0.0,0.0,0.207369710389773,D
NZ_JAIEUB010000002,NZ_JAIEUB010000002,high_risk,16,1,0,334517,False,IncHI2A;IncHI2;pKPC-CAV1321,0,1.0,0,0.0,0.985067759374349,30,0.891910534276641,19,1,0.108968154084845,0.9,0.76,0.0,0.0,0.0,0.657644155982826,A
NZ_JAIEUF010000002,NZ_JAIEUF010000002,high_risk,16,1,0,294342,False,IncHI2;pKPC-CAV1321;IncHI2A,0,1.0,0,0.0,0.98142016699376,30,0.891910534276641,21,2,0.111721059176061,0.9,0.76,0.0,0.0,0.0,0.657546539209532,A
NZ_JARQOB010000023,NZ_JARQOB010000023,low_risk,0,0,0,5862,False,,0,0.0,0,0.0,0.0553937311641491,1,0.25,0,0,0.0851933352000387,0.3,0.76,0.0,0.0,0.0,0.102535146308806,E
NZ_JARQOB010000026,NZ_JARQOB010000026,low_risk,0,0,0,1718,False,,0,0.0,0,0.0,0.0069062904028223,0,0.0,0,0,0.0851933352000387,0.3,0.76,0.0,0.0,0.0,0.0409686170191582,E
NZ_JARQOB010000029,NZ_JARQOB010000029,low_risk,0,0,0,1215,False,,0,0.0,0,0.0,0.0037953355115033,0,0.0,0,0,0.0851933352000387,0.3,0.76,0.0,0.0,0.0,0.0404061563748077,E
NZ_JAZDRY010000005,NZ_JAZDRY010000005,low_risk,0,0,0,5529,False,,0,0.0,0,0.0,0.0503115811194617,0,0.0,0,0,0.0851933352000387,0.3,0.76,0.0,0.0,0.0,0.0488162935807266,E
NZ_JBFSEV010000006,NZ_JBFSEV010000006,low_risk,0,0,0,6459,False,,0,0.0,0,0.0,0.0648989058663468,0,0.0,0,0,0.0851933352000387,0.3,0.76,0.0,0.0,0.0,0.0514536818949634,E
NZ_JBNVST010000003,NZ_JBNVST010000003,low_risk,0,0,0,223551,False,repFIB_1_pC39;IncFIB(K)(pCAV1099-114);RepB_1_pC39,0,0.0,0,0.0,0.970373776876553,20,0.790754732720165,35,11,0.130865440100917,0.3,0.76,0.0,0.0,0.0,0.391492614734377,C
NZ_JBNZNC020000006,NZ_JBNZNC020000006,low_risk,0,0,0,5596,False,ColRNAI,0,0.0,0,0.0,0.0513208183905052,0,0.0,0,0,0.449622394106803,0.9,0.8,0.0,0.0,0.0,0.126306734602202,E
NZ_JBNZVF020000007,NZ_JBNZVF020000007,low_risk,0,0,0,5596,False,ColRNAI,0,0.0,0,0.0,0.0513208183905052,0,0.0,0,0,0.449622394106803,0.9,0.8,0.0,0.0,0.0,0.126306734602202,E
NZ_JBNZZU020000005,NZ_JBNZZU020000005,low_risk,0,0,0,5596,False,ColRNAI,0,0.0,0,0.0,0.0513208183905052,0,0.0,0,0,0.449622394106803,0.9,0.8,0.0,0.0,0.0,0.126306734602202,E
NZ_JBOAVN020000005,NZ_JBOAVN020000005,low_risk,0,0,0,5596,False,ColRNAI,0,0.0,0,0.0,0.0513208183905052,0,0.0,0,0,0.449622394106803,0.9,0.8,0.0,0.0,0.0,0.126306734602202,E
NZ_JBPYFU010000005,NZ_JBPYFU010000005,low_risk,0,0,0,9610,False,Col(pHAD28),0,0.0,0,0.0,0.121575823035064,0,0.0,1,0,0.115608740894901,0.3,0.76,0.0,0.0,0.0,0.0679086528213889,E
NZ_JBQAYQ010000013,NZ_JBQAYQ010000013,low_risk,0,0,0,8475,False,rep28_2_LBPp6g007(LBPp6),0,0.0,0,0.0,0.100116915440346,0,0.0,0,0,0.0851933352000387,0.3,0.76,0.0,0.0,0.0,0.0578210980259425,E
NZ_JBQAYQ010000015,NZ_JBQAYQ010000015,low_risk,0,0,0,7290,False,,0,0.0,0,0.0,0.0788863727024022,0,0.0,0,0,0.0851933352000387,0.3,0.76,0.0,0.0,0.0,0.0539826158989222,E
NZ_JBQAYQ010000017,NZ_JBQAYQ010000017,low_risk,0,0,0,2404,False,,0,0.0,0,0.0,0.0123125508340772,0,0.0,0,0,0.0851933352000387,0.3,0.76,0.0,0.0,0.0,0.0419460689051291,E
NZ_JBQFKM020000005,NZ_JBQFKM020000005,high_risk,4,1,0,87323,False,IncFII(pAR0022);IncFII(S),0,0.7,0,0.0,0.864833490694261,1,0.25,6,2,0.42,0.9,0.76,0.0,0.0,0.0,0.490375895117522,B
NZ_JBQRYX020000006,NZ_JBQRYX020000006,low_risk,0,0,0,2058,False,ColpVC,0,0.0,0,0.0,0.0094270197407123,0,0.0,0,0,0.07,0.3,0.76,0.0,0.0,0.0,0.0383234051691208,E
NZ_JBSCRR010000064,NZ_JBSCRR010000064,low_risk,0,0,0,4496,False,,0,0.0,0,0.0,0.0356680652403493,0,0.0,0,0,0.0851933352000387,0.3,0.76,0.0,0.0,0.0,0.0461687459097831,E
NZ_JBSCRR010000067,NZ_JBSCRR010000067,low_risk,0,0,0,3763,False,,0,0.0,0,0.0,0.0264331356489974,0,0.0,0,0,0.0851933352000387,0.3,0.76,0.0,0.0,0.0,0.0444990706396666,E
NZ_JBSCRR010000069,NZ_JBSCRR010000069,low_risk,0,0,0,2675,False,,0,0.0,0,0.0,0.0147858283372008,0,0.0,0,0,0.0851933352000387,0.3,0.76,0.0,0.0,0.0,0.0423932374776938,E
NZ_JBSCRR010000071,NZ_JBSCRR010000071,low_risk,0,0,0,2266,False,Col(pHAD28),0,0.0,0,0.0,0.0111242047325928,0,0.0,0,0,0.0851933352000387,0.3,0.76,0.0,0.0,0.0,0.0417312159299807,E
NZ_JBSCRR010000081,NZ_JBSCRR010000081,low_risk,0,0,0,1232,False,,0,0.0,0,0.0,0.0038877003544978,0,0.0,1,1,0.343506493506494,0.3,0.76,0.0,0.0,0.0,0.0931445715487686,E
NZ_JBSCRR010000084,NZ_JBSCRR010000084,low_risk,0,0,0,1052,False,,0,0.0,0,0.0,0.0029575796777341,0,0.0,1,1,0.385171102661597,0.3,0.76,0.0,0.0,0.0,0.101480152458966,E
NZ_JBSCRS010000076,NZ_JBSCRS010000076,low_risk,0,0,0,1462,False,,0,0.0,0,0.0,0.0052269040267969,0,0.0,0,0,0.0851933352000387,0.3,0.76,0.0,0.0,0.0,0.0406649839623728,E
NZ_JBSCRT010000049,NZ_JBSCRT010000049,high_risk,2,1,0,3665,False,,0,0.541303097242993,0,0.0,0.025278708306197,1,0.25,0,0,0.0851933352000387,0.3,0.76,0.0,0.0,0.0,0.229601348381173,D
NZ_JBSCRT010000054,NZ_JBSCRT010000054,low_risk,0,0,0,2531,False,,0,0.0,0,0.0,0.0134489181354045,0,0.0,0,0,0.0851933352000387,0.3,0.76,0.0,0.0,0.0,0.042151524113209,E
NZ_JBSCRU010000037,NZ_JBSCRU010000037,low_risk,0,0,0,8579,False,,0,0.0,0,0.0,0.102042041764264,0,0.0,3,2,0.187422776547383,0.3,0.76,0.0,0.0,0.0,0.0790341898442999,E
NZ_JBSCRU010000040,NZ_JBSCRU010000040,low_risk,0,0,0,7343,False,,0,0.0,0,0.0,0.0798056270680046,0,0.0,0,0,0.0851933352000387,0.3,0.76,0.0,0.0,0.0,0.0541488170882231,E
NZ_JBSCRU010000047,NZ_JBSCRU010000047,low_risk,0,0,0,2254,False,,0,0.0,0,0.0,0.0110231930073676,0,0.0,1,1,0.233096716947649,0.3,0.76,0.0,0.0,0.0,0.0719000332247472,E
NZ_JBSCRU010000049,NZ_JBSCRU010000049,low_risk,0,0,0,1662,False,,0,0.0,0,0.0,0.0065224529259609,1,0.25,0,0,0.0851933352000387,0.3,0.76,0.0,0.0,0.0,0.0936992192033416,E
NZ_JBSCRU010000050,NZ_JBSCRU010000050,low_risk,0,0,0,1464,False,,0,0.0,0,0.0,0.005239266603138,0,0.0,0,0,0.0851933352000387,0.3,0.76,0.0,0.0,0.0,0.0406672191161753,E
NZ_JBSQFY030000002,NZ_JBSQFY030000002,low_risk,0,0,0,2613,False,,0,0.0,0,0.0,0.0142039781788412,0,0.0,0,0,0.0851933352000387,0.3,0.76,0.0,0.0,0.0,0.0422880389690624,E
NZ_JBSQFZ030000002,NZ_JBSQFZ030000002,low_risk,1,0,0,4612,False,,0,0.215338279036697,0,0.0,0.0372218224991462,0,0.0,0,0,0.0851933352000387,0.3,0.76,0.0,0.0,0.0,0.0991644759303569,E
NZ_JBSQGG030000004,NZ_JBSQGG030000004,low_risk,0,0,0,5152,False,Col(pHAD28),0,0.0,0,0.0,0.0447628276989789,0,0.0,0,0,0.0851933352000387,0.3,0.76,0.0,0.0,0.0,0.0478130789623033,E
NZ_JBSQGI030000003,NZ_JBSQGI030000003,low_risk,0,0,0,5151,False,Col(pHAD28),0,0.0,0,0.0,0.0447484107733455,0,0.0,0,0,0.0851933352000387,0.3,0.76,0.0,0.0,0.0,0.0478104723821488,E
NZ_JBSQGI030000004,NZ_JBSQGI030000004,low_risk,0,0,0,3555,False,Col(pHAD28),0,0.0,0,0.0,0.0240066101438447,0,0.0,0,0,0.0851933352000387,0.3,0.76,0.0,0.0,0.0,0.044060354828335,E
NZ_JBSXPA010000005,NZ_JBSXPA010000005,low_risk,0,0,0,5684,False,,0,0.0,0,0.0,0.0526566657243551,0,0.0,1,0,0.126389866291344,0.3,0.76,0.0,0.0,0.0,0.0576484968730267,E
NZ_JBTGGH010000007,NZ_JBTGGH010000007,low_risk,0,0,0,5596,False,ColRNAI,0,0.0,0,0.0,0.0513208183905052,0,0.0,0,0,0.449622394106803,0.9,0.8,0.0,0.0,0.0,0.126306734602202,E
NZ_JBTLGL010000002,NZ_JBTLGL010000002,high_risk,9,2,0,117549,False,IncFII(pKP91);IncFIB(pQil),0,0.915338279036696,0,0.0,0.914697585014545,5,0.465374228362632,8,2,0.112760635990098,0.9,0.8,0.0,0.0,0.0,0.53601361691458,B
NZ_JBTLHH010000004,NZ_JBTLHH010000004,high_risk,9,2,0,117549,False,IncFII(pKP91);IncFIB(pQil),0,0.915338279036696,0,0.0,0.914697585014545,5,0.465374228362632,8,2,0.112760635990098,0.9,0.8,0.0,0.0,0.0,0.53601361691458,B
NZ_JBUBWV010000003,NZ_JBUBWV010000003,high_risk,4,2,0,118646,False,IncR;IncFII(pHN7A8),0,0.7,0,0.0,0.915948265296988,21,0.802837390438075,14,2,0.595,0.9,0.8,0.0,0.0,0.0,0.653222203226217,A
NZ_JBVTJX020000003,NZ_JBVTJX020000003,high_risk,16,3,0,110879,False,IncFII(pAR0022);IncFII(Yp),0,1.0,0,0.0,0.906439176125239,4,0.418019795324019,7,1,0.595,0.9,0.78,0.0,0.0,0.0,0.643105483815876,A
NZ_JBVTKA020000002,NZ_JBVTKA020000002,high_risk,9,2,0,101526,False,repB(R1701);repA(dmsm701b_NDM1),0,0.915338279036696,0,0.0,0.892623553198071,1,0.25,10,0,0.11477454051179,0.3,0.76,0.0,0.0,0.0,0.484018632844851,B
NZ_JBVTKD020000010,NZ_JBVTKD020000010,low_risk,0,0,0,1558,False,,0,0.0,0,0.0,0.0058339194839806,0,0.0,0,0,0.0851933352000387,0.3,0.76,0.0,0.0,0.0,0.0407747323570316,E
NZ_JBVYWM010000003,NZ_JBVYWM010000003,high_risk,13,1,0,172482,False,IncC,0,1.0,0,0.0,0.954283001979611,12,0.666195071670059,6,1,0.106087591748704,0.3,0.76,0.0,0.0,0.0,0.602019243370541,A
NZ_JBWBFT010000040,NZ_JBWBFT010000040,low_risk,0,0,0,9871,False,,0,0.0,0,0.0,0.126635467050552,1,0.25,1,0,0.115196028771148,0.3,0.76,0.0,0.0,0.0,0.121539201914931,E
NZ_JBWBFT010000042,NZ_JBWBFT010000042,low_risk,0,0,0,9440,False,,0,0.0,0,0.0,0.118303238651788,0,0.0,0,0,0.0851933352000387,0.3,0.76,0.0,0.0,0.0,0.0611091852625711,E
NZ_JBWBFT010000043,NZ_JBWBFT010000043,low_risk,0,0,0,9436,False,,0,0.0,0,0.0,0.11822646394659,0,0.0,1,0,0.11589656634167,0.3,0.76,0.0,0.0,0.0,0.0673618338718784,E
NZ_JBWBFT010000044,NZ_JBWBFT010000044,low_risk,0,0,0,8206,False,,0,0.0,0,0.0,0.0951806222107607,0,0.0,1,0,0.118279307823544,0.3,0.76,0.0,0.0,0.0,0.0636814632224908,E
NZ_JBWBFT010000045,NZ_JBWBFT010000045,low_risk,0,0,0,7824,False,,0,0.0,0,0.0,0.0882839996434956,0,0.0,0,0,0.0851933352000387,0.3,0.76,0.0,0.0,0.0,0.0556817068498719,E
NZ_JBWBFT010000046,NZ_JBWBFT010000046,low_risk,0,0,0,7428,False,,0,0.0,0,0.0,0.0812862708951061,0,0.0,0,1,0.120193861066236,0.3,0.76,0.0,0.0,0.0,0.0615601248214539,E
NZ_JBWBFT010000048,NZ_JBWBFT010000048,low_risk,0,0,0,6933,False,,0,0.0,0,0.0,0.0727765889288712,0,0.0,0,0,0.0851933352000387,0.3,0.76,0.0,0.0,0.0,0.0528779669926678,E
NZ_JBWBFT010000050,NZ_JBWBFT010000050,low_risk,0,0,0,6261,False,,0,0.0,0,0.0,0.0616927980641123,0,0.0,0,0,0.0851933352000387,0.3,0.76,0.0,0.0,0.0,0.0508740176043194,E
NZ_JBWBFT010000053,NZ_JBWBFT010000053,low_risk,0,0,0,5708,False,,0,0.0,0,0.0,0.0530229931149025,0,0.0,0,0,0.0851933352000387,0.3,0.76,0.0,0.0,0.0,0.0493065168695023,E
NZ_JBWBFT010000058,NZ_JBWBFT010000058,low_risk,0,0,0,3413,False,,0,0.0,0,0.0,0.0224021847555615,0,0.0,0,0,0.0851933352000387,0.3,0.76,0.0,0.0,0.0,0.0437702747181334,E
NZ_JBWVBO010000002,NZ_JBWVBO010000002,high_risk,14,1,0,203964,False,,0,1.0,0,0.0,0.965434729545938,9,0.598051121980712,13,2,0.111031358475025,0.3,0.76,0.0,0.0,0.0,0.590652496328984,B
NZ_JBWXNK010000008,NZ_JBWXNK010000008,low_risk,0,0,0,4328,False,,0,0.0,0,0.0,0.0334611635697588,0,0.0,0,0,0.0851933352000387,0.3,0.76,0.0,0.0,0.0,0.0457697380877403,E
NZ_JBXEPR010000002,NZ_JBXEPR010000002,low_risk,0,0,0,181488,False,repUS15_2_repA(pNB2354p1),0,0.0,0,0.0,0.957989073778151,0,0.0,18,0,0.114877016662259,0.3,0.76,0.0,0.0,0.0,0.218982823639857,D
NZ_JBYCZJ010000002,NZ_JBYCZJ010000002,high_risk,7,1,0,89131,False,,0,0.84601483711009,0,0.0,0.86894128153437,1,0.25,1,0,0.101682916157117,0.3,0.76,0.0,0.0,0.0,0.460094499013632,B
NZ_JBYIZZ010000002,NZ_JBYIZZ010000002,high_risk,13,1,0,313134,False,repUS15_2_repA(pNB2354p1);rep14a_4_rep(AUS0004p3),0,1.0,0,0.0,0.983282425940673,3,0.360062653313385,39,5,0.121077238498534,0.3,0.76,0.0,0.0,0.0,0.545666559367412,B
NZ_JBYMEP010000004,NZ_JBYMEP010000004,low_risk,0,0,0,5168,False,Col156,0,0.0,0,0.0,0.0449937196978751,0,0.0,0,0,0.42,0.5,0.76,0.0,0.0,0.0,0.116788864521376,E
NZ_JBYMEP010000005,NZ_JBYMEP010000005,low_risk,0,0,0,1783,False,ColpVC,0,0.0,0,0.0,0.0073631310750009,0,0.0,0,0,0.07,0.3,0.76,0.0,0.0,0.0,0.0379502540983602,E
NZ_JBYMES010000005,NZ_JBYMES010000005,low_risk,0,0,0,5167,False,Col156,0,0.0,0,0.0,0.0449792767609205,0,0.0,0,0,0.42,0.5,0.76,0.0,0.0,0.0,0.116786253238374,E
NZ_JBYMES010000006,NZ_JBYMES010000006,low_risk,0,0,0,3717,False,,0,0.0,0,0.0,0.0258888062607808,0,0.0,0,0,0.0851933352000387,0.3,0.76,0.0,0.0,0.0,0.0444006558862771,E
NZ_JBYMET010000004,NZ_JBYMET010000004,low_risk,0,0,0,5168,False,Col156,0,0.0,0,0.0,0.0449937196978751,0,0.0,0,0,0.42,0.5,0.76,0.0,0.0,0.0,0.116788864521376,E
NZ_JBYMEY010000003,NZ_JBYMEY010000003,low_risk,0,0,0,5167,False,Col156,0,0.0,0,0.0,0.0449792767609205,0,0.0,0,0,0.42,0.5,0.76,0.0,0.0,0.0,0.116786253238374,E
NZ_JBYMFA010000003,NZ_JBYMFA010000003,low_risk,0,0,0,5520,False,ColRNAI,0,0.0,0,0.0,0.0501765324221272,0,0.0,0,0,0.449622394106803,0.9,0.8,0.0,0.0,0.0,0.126099847699119,E
NZ_JBYMFA010000004,NZ_JBYMFA010000004,low_risk,0,0,0,4091,False,,0,0.0,0,0.0,0.0304375719213824,0,0.0,0,0,0.0851933352000387,0.3,0.76,0.0,0.0,0.0,0.0452230727177139,E
NZ_JBYMFB010000003,NZ_JBYMFB010000003,low_risk,0,0,0,4087,False,,0,0.0,0,0.0,0.0303874616811255,0,0.0,0,0,0.0851933352000387,0.3,0.76,0.0,0.0,0.0,0.0452140127862754,E
NZ_JBYMFJ010000005,NZ_JBYMFJ010000005,low_risk,0,0,0,5167,False,Col156,0,0.0,0,0.0,0.0449792767609205,0,0.0,0,0,0.42,0.5,0.76,0.0,0.0,0.0,0.116786253238374,E
NZ_JBYMFQ010000004,NZ_JBYMFQ010000004,low_risk,0,0,0,5627,False,ColRNAI,0,0.0,0,0.0,0.0517900765105973,0,0.0,0,0,0.449622394106803,0.9,0.8,0.0,0.0,0.0,0.126391576470314,E
NZ_JBYMLM010000005,NZ_JBYMLM010000005,low_risk,0,0,0,2058,False,ColpVC,0,0.0,0,0.0,0.0094270197407123,0,0.0,0,0,0.07,0.3,0.76,0.0,0.0,0.0,0.0383234051691208,E
NZ_JBYVFT010000002,NZ_JBYVFT010000002,high_risk,12,1,0,200784,False,IncC,0,0.996846320583541,0,0.0,0.964512127541237,8,0.570685803411878,10,1,0.108217786277791,0.3,0.76,0.0,0.0,0.0,0.583359863798192,B
NZ_JCAWNO010000004,NZ_JCAWNO010000004,high_risk,8,1,0,173647,False,,0,0.882606194485985,0,0.0,0.9547904748256,10,0.622806063781382,12,4,0.113821142893341,0.3,0.76,0.0,0.0,0.0,0.565787650193797,B
NZ_JCAYSC010000002,NZ_JCAYSC010000002,low_risk,0,0,0,6990,False,,0,0.0,0,0.0,0.0737422720485396,0,0.0,0,0,0.0851933352000387,0.3,0.76,0.0,0.0,0.0,0.0530525625007039,E
NZ_JCAYSF010000007,NZ_JCAYSF010000007,low_risk,0,0,0,7227,False,IncN,0,0.0,0,0.0,0.0777976961281633,0,0.0,0,0,0.139880158198768,0.9,0.76,0.0,0.0,0.0,0.0667473637483405,E
NZ_JCAYSF010000010,NZ_JCAYSF010000010,low_risk,0,0,0,4235,False,,0,0.0,0,0.0,0.0322619988203666,0,0.0,0,0,0.0851933352000387,0.3,0.76,0.0,0.0,0.0,0.0455529291010502,E
NZ_JCAYSF010000011,NZ_JCAYSF010000011,low_risk,0,0,0,3795,False,,0,0.0,0,0.0,0.0268143441468269,0,0.0,0,0,0.0851933352000387,0.3,0.76,0.0,0.0,0.0,0.0445679931360742,E
NZ_JCAYSF010000013,NZ_JCAYSF010000013,low_risk,0,0,0,2228,False,Col(BS512),0,0.0,0,0.0,0.0108056222686648,0,0.0,0,0,0.07,0.5,0.76,0.0,0.0,0.0,0.0391726565061746,E
NZ_JCAYSF010000014,NZ_JCAYSF010000014,low_risk,0,0,0,1786,False,,0,0.0,0,0.0,0.0073845071029909,0,0.0,0,0,0.0851933352000387,0.3,0.76,0.0,0.0,0.0,0.0410550785985487,E
NZ_JCAYSF010000293,NZ_JCAYSF010000293,low_risk,0,0,0,4359,False,Col(pHAD28),0,0.0,0,0.0,0.0338644765305317,0,0.0,0,0,0.0851933352000387,0.3,0.76,0.0,0.0,0.0,0.045842657071048,E
NZ_JCAYSF010000294,NZ_JCAYSF010000294,low_risk,0,0,0,2101,False,Col(BS512),0,0.0,0,0.0,0.0097684518463064,0,0.0,0,0,0.07,0.5,0.76,0.0,0.0,0.0,0.0389851360938122,E
NZ_JCBDJX010000004,NZ_JCBDJX010000004,low_risk,0,0,0,7954,False,,0,0.0,0,0.0,0.0906155036808404,0,0.0,0,0,0.0851933352000387,0.3,0.76,0.0,0.0,0.0,0.0561032427798239,E
NZ_JCBKJN010000005,NZ_JCBKJN010000005,low_risk,0,0,0,6366,False,Col440II;Col(pHAD28),0,0.0,0,0.0,0.063386578588022,0,0.0,0,0,0.42,0.5,0.8,0.0,0.0,0.0,0.121242293408714,E
NZ_JCBKJO010000003,NZ_JCBKJO010000003,high_risk,6,1,0,86413,False,IncFII,0,0.804530977561084,0,0.0,0.862692018612937,1,0.25,3,0,0.42,0.9,0.76,0.0,0.0,0.0,0.515577900272172,B
NZ_JCBKJO010000005,NZ_JCBKJO010000005,low_risk,0,0,0,5768,False,Col(pHAD28),0,0.0,0,0.0,0.0539425343440607,0,0.0,1,1,0.152011095700416,0.3,0.76,0.0,0.0,0.0,0.0631102748418611,E
NZ_JCBKJO010000006,NZ_JCBKJO010000006,low_risk,0,0,0,3998,False,,0,0.0,0,0.0,0.0292805546836924,0,0.0,0,0,0.0851933352000387,0.3,0.76,0.0,0.0,0.0,0.0450138840011395,E
NZ_JCBKJO010000007,NZ_JCBKJO010000007,low_risk,0,0,0,3991,False,Col(pHAD28),0,0.0,0,0.0,0.0291941512842389,0,0.0,0,0,0.0851933352000387,0.3,0.76,0.0,0.0,0.0,0.0449982622665183,E
NZ_JCBKJQ010000007,NZ_JCBKJQ010000007,low_risk,0,0,0,4600,False,Col(pHAD28),0,0.0,0,0.0,0.0370599711492696,0,0.0,0,0,0.0851933352000387,0.3,0.76,0.0,0.0,0.0,0.0464204024981159,E
NZ_JCBKJQ010000010,NZ_JCBKJQ010000010,low_risk,0,0,0,2776,False,,0,0.0,0,0.0,0.0157536029441813,3,0.360062653313385,1,0,0.154034582132565,0.3,0.76,0.0,0.0,0.0,0.132663942005351,E
NZ_JCBKJR010000006,NZ_JCBKJR010000006,low_risk,0,0,0,7245,False,Col(pHAD28),0,0.0,0,0.0,0.0781082978226279,0,0.0,0,1,0.120703933747412,0.3,0.76,0.0,0.0,0.0,0.0610896531241779,E
NZ_JCBKJR010000008,NZ_JCBKJR010000008,low_risk,0,0,0,3223,False,Col(pHAD28);Col440II,0,0.0,0,0.0,0.0203235152579124,1,0.25,0,0,0.42,0.5,0.8,0.0,0.0,0.0,0.166256491558631,D
NZ_JCBKJU010000004,NZ_JCBKJU010000004,low_risk,0,0,0,6508,False,,0,0.0,0,0.0,0.0657002343926452,0,0.0,0,0,0.0851933352000387,0.3,0.76,0.0,0.0,0.0,0.0515985620925182,E
NZ_JCBKJU010000007,NZ_JCBKJU010000007,low_risk,0,0,0,4167,False,Col(pHAD28),0,0.0,0,0.0,0.0313955239704698,0,0.0,0,0,0.0851933352000387,0.3,0.76,0.0,0.0,0.0,0.0453962704481889,E
NZ_JCBKJU010000008,NZ_JCBKJU010000008,low_risk,0,0,0,2519,False,Col(IMGS31),0,0.0,0,0.0,0.0133398172133008,0,0.0,0,0,0.07,0.3,0.8,0.36084880671453,0.166666666666667,0.223984043879332,0.0443593442739294,E
NZ_JCBKJU010000009,NZ_JCBKJU010000009,low_risk,0,0,0,2350,False,Col(IRGK),0,0.0,0,0.0,0.0118417250126734,0,0.0,0,0,0.07,0.3,0.8,0.36084880671453,0.166666666666667,0.331538269758165,0.0456695363244748,E
NZ_JCBKJV010000003,NZ_JCBKJV010000003,low_risk,0,0,0,4167,False,Col(pHAD28),0,0.0,0,0.0,0.0313955239704698,0,0.0,0,0,0.0851933352000387,0.3,0.76,0.0,0.0,0.0,0.0453962704481889,E
NZ_JCBKJW010000004,NZ_JCBKJW010000004,low_risk,0,0,0,7819,False,Col440I,0,0.0,0,0.0,0.0881946552544946,0,0.0,1,0,0.119184038879652,0.5,0.76,0.0,0.0,0.0,0.0632030560053496,E
NZ_JCBKJW010000006,NZ_JCBKJW010000006,low_risk,0,0,0,3998,False,,0,0.0,0,0.0,0.0292805546836924,0,0.0,0,0,0.0851933352000387,0.3,0.76,0.0,0.0,0.0,0.0450138840011395,E
NZ_JCBKJW010000007,NZ_JCBKJW010000007,low_risk,0,0,0,3991,False,Col(pHAD28),0,0.0,0,0.0,0.0291941512842389,0,0.0,0,0,0.0851933352000387,0.3,0.76,0.0,0.0,0.0,0.0449982622665183,E
NZ_JCBKJX010000003,NZ_JCBKJX010000003,low_risk,0,0,0,2454,False,,0,0.0,0,0.0,0.0127551019813924,0,0.0,1,0,0.161124694376528,0.3,0.76,0.0,0.0,0.0,0.0575236725604851,E
NZ_JCBKJY010000004,NZ_JCBKJY010000004,low_risk,0,0,0,3511,False,Col440II;Col(pHAD28),0,0.0,0,0.0,0.0235048798320079,0,0.0,0,0,0.42,0.5,0.8,0.0,0.0,0.0,0.114031682273627,E
NZ_JCBKKA010000007,NZ_JCBKKA010000007,low_risk,0,0,0,5768,False,Col(pHAD28),0,0.0,0,0.0,0.0539425343440607,0,0.0,1,1,0.152011095700416,0.3,0.76,0.0,0.0,0.0,0.0631102748418611,E
NZ_JCBKKA010000008,NZ_JCBKKA010000008,low_risk,0,0,0,3998,False,,0,0.0,0,0.0,0.0292805546836924,0,0.0,0,0,0.0851933352000387,0.3,0.76,0.0,0.0,0.0,0.0450138840011395,E
NZ_JCBKKA010000009,NZ_JCBKKA010000009,low_risk,0,0,0,3991,False,Col(pHAD28),0,0.0,0,0.0,0.0291941512842389,0,0.0,0,0,0.0851933352000387,0.3,0.76,0.0,0.0,0.0,0.0449982622665183,E
NZ_JCBKKB010000008,NZ_JCBKKB010000008,low_risk,0,0,0,2056,False,ColpVC,0,0.0,0,0.0,0.0094112602882176,0,0.0,0,0,0.07,0.3,0.76,0.0,0.0,0.0,0.0383205558601098,E
NZ_JCBLQJ010000002,NZ_JCBLQJ010000002,high_risk,19,1,0,320746,False,,0,1.0,0,0.0,0.98395463826337,17,0.75071713006857,14,4,0.108417875826978,0.3,0.76,0.0,0.0,0.0,0.625710544924786,A
NZ_JCBLQK010000004,NZ_JCBLQK010000004,high_risk,2,1,1,119488,False,IncFIB(AP001918),0,0.541303097242993,6,0.811507562957249,0.91688921295476,5,0.465374228362632,12,1,0.116319630423139,0.9,0.76,0.0,0.0,0.0,0.53338567040697,B
NZ_JCBLQL010000002,NZ_JCBLQL010000002,high_risk,16,1,1,171581,False,IncFIB(AP001918),0,1.0,6,0.811507562957249,0.953884424506212,8,0.570685803411878,23,3,0.122729789428899,0.9,0.76,0.0,0.0,0.0,0.675913524553865,A
NZ_JCBLQM010000002,NZ_JCBLQM010000002,high_risk,8,1,0,230562,False,IncHI2A;IncHI2;pKPC-CAV1321,0,0.882606194485985,0,0.0,0.971877666834867,14,0.703362697029958,10,5,0.109758763369506,0.9,0.76,0.0,0.0,0.0,0.586861443790356,B
NZ_JCBNXV010000002,NZ_JCBNXV010000002,high_risk,12,1,0,171155,False,IncFIB(AP001918);IncI(Gamma),0,0.996846320583541,0,0.0,0.953694089272229,4,0.418019795324019,11,2,0.111393181619,0.9,0.76,0.0,0.0,0.0,0.551608999760141,B
NZ_JCBNXV010000003,NZ_JCBNXV010000003,high_risk,1,1,0,105997,False,IncFIB(pHCM2),0,0.415338279036697,0,0.0,0.899591081760142,0,0.0,3,0,0.104245403171788,0.9,0.76,0.227670248696953,0.0833333333333333,0.14016454749439,0.312314622632325,C
NZ_JCBNXV010000004,NZ_JCBNXV010000004,low_risk,0,0,0,95101,False,p0111,0,0.0,0,0.0,0.88124313535321,1,0.25,2,0,0.103154540961714,0.3,0.76,0.0,0.0,0.0,0.255514600682146,D
NZ_JCBNXW010000003,NZ_JCBNXW010000003,high_risk,1,1,0,109743,False,IncFIB(pHCM2),0,0.415338279036697,0,0.0,0.904910913312829,0,0.0,4,0,0.105467319100079,0.9,0.76,0.227670248696953,0.0833333333333333,0.14016454749439,0.313525841218015,C
NZ_JCBNXX010000002,NZ_JCBNXX010000002,high_risk,8,1,0,198005,False,IncHI2A;IncHI2;pKPC-CAV1321,0,0.882606194485985,0,0.0,0.963674009974289,9,0.598051121980712,8,2,0.107575566273579,0.9,0.76,0.0,0.0,0.0,0.562690827452284,B
NZ_JCBNYP010000002,NZ_JCBNYP010000002,low_risk,0,0,0,9235,False,,0,0.0,0,0.0,0.11438246219755,0,0.0,0,0,0.0851933352000387,0.3,0.76,0.0,0.0,0.0,0.0604003088796449,E
NZ_JCBPAH010000003,NZ_JCBPAH010000003,low_risk,0,0,0,8731,False,,0,0.0,0,0.0,0.104871727758049,0,0.0,0,0,0.0851933352000387,0.3,0.76,0.0,0.0,0.0,0.0586807680929832,E
NZ_JCBPAN010000006,NZ_JCBPAN010000006,low_risk,0,0,0,9624,False,,0,0.0,0,0.0,0.121846156545842,0,0.0,0,0,0.0851933352000387,0.3,0.76,0.0,0.0,0.0,0.0617497448178161,E
NZ_JCBPAN010000007,NZ_JCBPAN010000007,low_risk,0,0,0,7635,False,,0,0.0,0,0.0,0.0849241188794856,0,0.0,0,0,0.0851933352000387,0.3,0.76,0.0,0.0,0.0,0.0550742404077389,E
NZ_JCBPAN010000008,NZ_JCBPAN010000008,low_risk,0,0,0,7246,False,,0,0.0,0,0.0,0.0781255640299829,0,0.0,0,0,0.0851933352000387,0.3,0.76,0.0,0.0,0.0,0.0538450616909488,E
NZ_JCBPEZ010000002,NZ_JCBPEZ010000002,low_risk,0,0,0,8221,False,,0,0.0,0,0.0,0.0954541967109179,0,0.0,0,0,0.0851933352000387,0.3,0.76,0.0,0.0,0.0,0.0569780784796619,E
NZ_JCBPFG010000003,NZ_JCBPFG010000003,low_risk,0,0,0,8339,False,,0,0.0,0,0.0,0.0976133232545339,0,0.0,0,0,0.0851933352000387,0.3,0.76,0.0,0.0,0.0,0.0573684485587476,E
NZ_KY320277,NZ_KY320277,high_risk,9,1,0,311758,False,IncHI1B(pNDM-CIT);IncHI1A(NDM-CIT),0,0.915338279036696,0,0.0,0.983156200589778,28,0.874588763425817,8,1,0.104330281821156,0.3,0.76,0.0,0.0,0.0,0.630168409130046,A
NZ_LC777829,NZ_LC777829,low_risk,0,0,0,1696,False,,0,0.0,0,0.0,0.0067544147138021,0,0.0,0,0,0.0851933352000387,0.3,0.76,0.0,0.0,0.0,0.0409411578945833,E
NZ_LFWP01000024,NZ_LFWP01000024,low_risk,0,0,0,1305,False,,0,0.0,0,0.0,0.0042948139797582,0,0.0,0,0,0.0851933352000387,0.3,0.76,0.0,0.0,0.0,0.0404964620818682,E
NZ_OQ821021,NZ_OQ821021,high_risk,7,1,0,170204,False,IncC,0,0.84601483711009,0,0.0,0.953264752508709,6,0.505411831014226,4,0,0.10352518154685,0.3,0.76,0.0,0.0,0.0,0.529659167642041,B
NZ_OQ821054,NZ_OQ821054,high_risk,1,1,0,97905,False,repE(pEh60-7),0,0.415338279036697,0,0.0,0.88642513693975,1,0.25,6,3,0.113788876972575,0.3,0.76,0.0,0.0,0.0,0.360296785256993,C
NZ_OQ821061,NZ_OQ821061,high_risk,2,2,0,374668,False,IncHI1A(NDM-CIT);IncHI1B(pNDM-CIT),0,0.541303097242993,0,0.0,0.987703906943816,31,0.900156633283463,15,5,0.108007088942744,0.3,0.76,0.0,0.0,0.0,0.545577192383208,B
NZ_OQ821069,NZ_OQ821069,high_risk,9,1,0,109773,False,IncM1,0,0.915338279036696,0,0.0,0.904951762402222,9,0.598051121980712,6,3,0.112298106091662,0.3,0.76,0.0,0.0,0.0,0.55925052976614,B
NZ_OQ821082,NZ_OQ821082,high_risk,9,1,0,109773,False,IncM1,0,0.915338279036696,0,0.0,0.904951762402222,9,0.598051121980712,6,3,0.112298106091662,0.3,0.76,0.0,0.0,0.0,0.55925052976614,B
NZ_OQ821095,NZ_OQ821095,high_risk,8,1,0,182180,False,IncFIB(K);IncFII(pAR0022);IncFII(pKP91),0,0.882606194485985,0,0.0,0.958254341301515,25,0.846226398326751,15,5,0.116467230211878,0.9,0.8,0.0,0.0,0.0,0.617068358330337,A
NZ_OQ821097,NZ_OQ821097,high_risk,7,1,0,175879,False,IncFIB(K);IncFII(pAR0022);IncFII(pKP91),0,0.84601483711009,0,0.0,0.955738576840013,25,0.846226398326751,13,4,0.114498604153992,0.9,0.8,0.0,0.0,0.0,0.607254147251664,A
NZ_OQ821100,NZ_OQ821100,high_risk,3,1,0,113639,False,IncFIB(pQil);IncFII(pAR0022);IncFII(pKP91),0,0.630676558073393,0,0.0,0.909999153592711,4,0.418019795324019,6,3,0.111879724390394,0.9,0.8,0.0,0.0,0.0,0.455297900906441,B
NZ_OQ821102,NZ_OQ821102,high_risk,3,1,0,113639,False,IncFIB(pQil);IncFII(pAR0022);IncFII(pKP91),0,0.630676558073393,0,0.0,0.909999153592711,4,0.418019795324019,6,3,0.111879724390394,0.9,0.8,0.0,0.0,0.0,0.455297900906441,B
NZ_OQ821104,NZ_OQ821104,high_risk,3,1,0,113639,False,IncFIB(pQil);IncFII(pAR0022);IncFII(pKP91),0,0.630676558073393,0,0.0,0.909999153592711,4,0.418019795324019,6,3,0.111879724390394,0.9,0.8,0.0,0.0,0.0,0.455297900906441,B
NZ_OQ821106,NZ_OQ821106,high_risk,3,1,0,113639,False,IncFIB(pQil);IncFII(pAR0022);IncFII(pKP91),0,0.630676558073393,0,0.0,0.909999153592711,4,0.418019795324019,6,3,0.111879724390394,0.9,0.8,0.0,0.0,0.0,0.455297900906441,B
NZ_OQ821107,NZ_OQ821107,high_risk,8,1,0,179374,False,IncFIB(K);IncFII(pAR0022);IncFII(pKP91),0,0.882606194485985,0,0.0,0.957162240104837,25,0.846226398326751,15,4,0.115888590319667,0.9,0.8,0.0,0.0,0.0,0.616752806031978,A
NZ_OQ821108,NZ_OQ821108,high_risk,9,1,0,109773,False,IncM1,0,0.915338279036696,0,0.0,0.904951762402222,9,0.598051121980712,6,3,0.112298106091662,0.3,0.76,0.0,0.0,0.0,0.55925052976614,B
NZ_OQ821111,NZ_OQ821111,high_risk,3,1,0,116451,False,IncFIB(pQil);IncFII(pAR0022);IncFII(pKP91),0,0.630676558073393,0,0.0,0.913416909005649,4,0.418019795324019,7,3,0.112880954221089,0.9,0.8,0.0,0.0,0.0,0.456120182093545,B
NZ_OQ821144,NZ_OQ821144,high_risk,15,1,0,195919,False,IncC,0,1.0,0,0.0,0.963024424551102,10,0.622806063781382,12,2,0.110718715387482,0.3,0.76,0.0,0.0,0.0,0.595381146440052,B
NZ_OQ821183,NZ_OQ821183,high_risk,9,1,0,88281,False,IncN,0,0.915338279036696,0,0.0,0.867033910279711,2,0.285342901705939,7,0,0.139880158198768,0.9,0.76,0.0,0.0,0.0,0.493780502815418,B
NZ_OZ461322,NZ_OZ461322,low_risk,0,0,0,7012,False,,0,0.0,0,0.0,0.0741160092098038,0,0.0,0,0,0.0851933352000387,0.3,0.76,0.0,0.0,0.0,0.0531201341794604,E
NZ_OZ462080,NZ_OZ462080,low_risk,0,0,0,9561,False,Col(SD853),0,0.0,0,0.0,0.120630635020039,0,0.0,0,0,0.42,0.3,0.48,0.0,0.0,0.0,0.121968018811623,E
NZ_OZ475178,NZ_OZ475178,low_risk,0,0,0,4232,False,Col(pHAD28),0,0.0,0,0.0,0.0322235869875665,0,0.0,0,0,0.0851933352000387,0.3,0.76,0.0,0.0,0.0,0.0455459842416799,E
NZ_OZ475179,NZ_OZ475179,low_risk,0,0,0,3789,False,Col(pHAD28),0,0.0,0,0.0,0.0267427091206563,0,0.0,0,0,0.0851933352000387,0.3,0.76,0.0,0.0,0.0,0.0445550415233426,E
NZ_OZ475180,NZ_OZ475180,low_risk,0,0,0,3674,False,Col(pHAD28),0,0.0,0,0.0,0.0253839030698715,0,0.0,0,0,0.0851933352000387,0.3,0.76,0.0,0.0,0.0,0.0443093693893607,E
NZ_OZ510755,NZ_OZ510755,low_risk,0,0,0,4778,False,Col(pHAD28);Col440II,0,0.0,0,0.0,0.0394868321964045,0,0.0,0,0,0.42,0.5,0.8,0.0,0.0,0.0,0.11692121926111,E
NZ_OZ510756,NZ_OZ510756,low_risk,0,0,0,3223,False,Col(pHAD28);Col440II,0,0.0,0,0.0,0.0203235152579124,1,0.25,0,0,0.42,0.5,0.8,0.0,0.0,0.0,0.166256491558631,D
NZ_OZ510758,NZ_OZ510758,low_risk,0,0,0,1819,False,,0,0.0,0,0.0,0.0076213272807261,0,0.0,0,0,0.0851933352000387,0.3,0.76,0.0,0.0,0.0,0.0410978956866832,E
NZ_PEHC01000006,NZ_PEHC01000006,low_risk,0,0,0,172285,False,,0,0.0,0,0.0,0.954196313480518,17,0.75071713006857,0,0,0.0851933352000387,0.3,0.76,0.0,0.0,0.0,0.370790111062088,C
NZ_PEHU01000002,NZ_PEHU01000002,low_risk,0,0,0,125735,False,,0,0.0,0,0.0,0.923391107914662,11,0.645405555019324,1,1,0.102385970493498,0.3,0.76,0.0,0.0,0.0,0.346487742108775,C
NZ_PZ240292,NZ_PZ240292,high_risk,17,1,0,295401,False,,0,1.0,0,0.0,0.981533589920116,24,0.836039590648038,12,2,0.107108980673728,0.3,0.76,0.0,0.0,0.0,0.643025777557931,A
NZ_PZ405215,NZ_PZ405215,low_risk,0,0,0,4922,False,Col(pHAD28),0,0.0,0,0.0,0.0414903571091269,0,0.0,0,0,0.0851933352000387,0.3,0.76,0.0,0.0,0.0,0.0472214162796581,E
OZ462514,OZ462514,high_risk,13,1,0,206081,False,RepB_1_pC39;IncFIB(K)(pCAV1099-114),0,1.0,0,0.0,0.966028348854774,33,0.915902684626925,25,5,0.121836074165013,0.3,0.76,0.0,0.0,0.0,0.660095315203229,A
OZ462524,OZ462524,high_risk,9,1,0,236243,False,IncFII(pAR0022);IncFII(pKP91);IncFIB(K),0,0.915338279036696,0,0.0,0.973010599926574,36,0.937864800570352,20,1,0.113333728406768,0.9,0.8,0.0,0.0,0.0,0.646463587023188,A
OZ462530,OZ462530,high_risk,11,1,0,221001,False,IncFII(pKP91);IncFII(pAR0022);IncFIB(K),0,0.971979655316386,0,0.0,0.969795430628759,27,0.865474484327612,16,4,0.113574599209958,0.9,0.8,0.0,0.0,0.0,0.644508420267875,A
OZ462546,OZ462546,high_risk,13,1,0,204222,False,IncFIB(K)(pCAV1099-114);RepB_1_pC39,0,1.0,0,0.0,0.965507936947545,30,0.891910534276641,23,5,0.120565854805065,0.3,0.76,0.0,0.0,0.0,0.654674830805057,A
OZ462555,OZ462555,high_risk,14,1,0,209664,False,IncFIB(K)(pCAV1099-114);RepB_1_pC39,0,1.0,0,0.0,0.966997431560146,33,0.915902684626925,23,5,0.120032051282051,0.3,0.76,0.0,0.0,0.0,0.659902324285948,A
OZ462578,OZ462578,high_risk,11,1,0,248004,False,IncFII(pKP91);IncFIB(K),0,0.971979655316386,0,0.0,0.975140697161909,29,0.88339402368665,26,3,0.117540039676779,0.9,0.8,0.0,0.0,0.0,0.650068797568976,A
OZ510757,OZ510757,low_risk,0,0,0,1933,False,ColpVC,0,0.0,0,0.0,0.0084629575481877,0,0.0,0,0,0.07,0.3,0.76,0.0,0.0,0.0,0.0381491027247123,E
PX852705,PX852705,low_risk,0,0,0,3775,False,IncFIA,0,0.0,0,0.0,0.0265758449128401,0,0.0,0,0,0.0825460020073603,0.9,0.76,0.0,0.0,0.0,0.0457845517699437,E
PX852706,PX852706,low_risk,0,0,0,1199,False,,0,0.0,0,0.0,0.0037092542362314,0,0.0,1,1,0.350208507089241,0.3,0.76,0.0,0.0,0.0,0.0944801894628247,E
PX926028,PX926028,high_risk,9,1,0,136888,False,IncFII(pAR0022);IncFIB(pB171);IncFII(Yp),0,0.915338279036696,0,0.0,0.933203742328913,1,0.25,15,3,0.595,0.9,0.78,0.0,0.0,0.0,0.591733547321251,B
PZ168208,PZ168208,high_risk,13,1,0,166626,False,IncC,0,1.0,0,0.0,0.951592680567354,11,0.645405555019324,6,1,0.106301537575168,0.3,0.76,0.0,0.0,0.0,0.597185753685751,B
PZ168215,PZ168215,high_risk,10,1,0,160678,False,IncC,0,0.944948051202489,0,0.0,0.948599590890023,9,0.598051121980712,10,1,0.11026898517532,0.3,0.76,0.0,0.0,0.0,0.573976385803895,B
PZ193099,PZ193099,high_risk,5,2,0,104017,False,IncFII(pKP91);IncFII(pAR0022);IncFIB(pQil),0,0.756641376279689,0,0.0,0.896593269844724,1,0.25,6,1,0.110094503783035,0.9,0.8,0.0,0.0,0.0,0.447860160323312,C
PZ195734,PZ195734,high_risk,17,2,0,161331,False,IncA,0,1.0,0,0.0,0.948942040981329,3,0.360062653313385,7,1,0.107438124105101,0.3,0.76,0.0,0.0,0.0,0.536674074519062,B
PZ473002,PZ473002,low_risk,0,0,0,9748,False,,0,0.0,0,0.0,0.124245871763644,1,0.25,0,0,0.0851933352000387,0.3,0.76,0.0,0.0,0.0,0.114983613329195,E
PZ473004,PZ473004,low_risk,0,0,0,6688,False,,0,0.0,0,0.0,0.0686700823897849,0,0.0,0,0,0.0851933352000387,0.3,0.76,0.0,0.0,0.0,0.052135510610401,E
PZ473009,PZ473009,low_risk,0,0,0,2146,False,,0,0.0,0,0.0,0.0101310645097568,0,0.0,0,0,0.0851933352000387,0.3,0.76,0.0,0.0,0.0,0.0415516561776919,E
PZ473011,PZ473011,low_risk,0,0,0,1801,False,,0,0.0,0,0.0,0.0074917703897763,0,0.0,0,0,0.0851933352000387,0.3,0.76,0.0,0.0,0.0,0.0410744718007995,E
PZ473012,PZ473012,low_risk,0,0,0,1420,False,,0,0.0,0,0.0,0.0049701058602085,0,0.0,0,0,0.0851933352000387,0.3,0.76,0.0,0.0,0.0,0.0406185548538536,E
PZ473014,PZ473014,low_risk,0,0,0,1096,False,,0,0.0,0,0.0,0.0031750784699064,0,0.0,0,0,0.0851933352000387,0.3,0.76,0.0,0.0,0.0,0.040294013901687,E
PZ473034,PZ473034,low_risk,0,0,0,2950,False,,0,0.0,0,0.0,0.0174777052048712,0,0.0,0,0,0.0851933352000387,0.3,0.76,0.0,0.0,0.0,0.0428799288153686,E
PZ473035,PZ473035,low_risk,0,0,0,2695,False,,0,0.0,0,0.0,0.0149755153522935,0,0.0,0,0,0.0851933352000387,0.3,0.76,0.0,0.0,0.0,0.0424275328900226,E
PZ473037,PZ473037,low_risk,0,0,0,1966,False,,0,0.0,0,0.0,0.0087133193249738,0,0.0,0,0,0.0851933352000387,0.3,0.76,0.0,0.0,0.0,0.0412953278482832,E
PZ473038,PZ473038,low_risk,0,0,0,1878,False,,0,0.0,0,0.0,0.0080523794920344,0,0.0,0,0,0.0851933352000387,0.3,0.76,0.0,0.0,0.0,0.0411758299264877,E
PZ473039,PZ473039,low_risk,0,0,0,1438,False,,0,0.0,0,0.0,0.0050795026695074,0,0.0,0,0,0.0851933352000387,0.3,0.76,0.0,0.0,0.0,0.0406383337969749,E
PZ473040,PZ473040,low_risk,0,0,0,1339,False,,0,0.0,0,0.0,0.0044901777067795,0,0.0,0,0,0.0851933352000387,0.3,0.76,0.0,0.0,0.0,0.0405317838437137,E
PZ473058,PZ473058,low_risk,0,0,0,2828,False,,0,0.0,0,0.0,0.0162613777914421,0,0.0,0,0,0.0851933352000387,0.3,0.76,0.0,0.0,0.0,0.0426600168190206,E
PZ473060,PZ473060,low_risk,0,0,0,2032,False,,0,0.0,0,0.0,0.009222990086224,0,0.0,0,0,0.0851933352000387,0.3,0.76,0.0,0.0,0.0,0.0413874763219172,E
PZ502740,PZ502740,high_risk,10,1,1,340499,False,IncHI1B(pNDM-MAR);IncR,0,0.944948051202489,6,0.811507562957249,0.985513966844439,13,0.685443157670919,25,3,0.112334837987777,0.9,0.8,0.0,0.0,0.0,0.691398572373362,A
PZ502748,PZ502748,high_risk,16,2,1,360919,False,IncFIB(pNDM-Mar);IncHI1B(pNDM-MAR),0,1.0,7,0.867194478953664,0.9868896205981,14,0.703362697029958,33,6,0.116208622987429,0.3,0.76,0.0,0.0,0.0,0.712874539861919,A
PZ578657,PZ578657,low_risk,0,0,0,5920,False,ColRNAI,0,0.0,0,0.0,0.0562955155391516,0,0.0,0,0,0.449622394106803,0.9,0.8,0.0,0.0,0.0,0.127206159846677,E
PZ578659,PZ578659,low_risk,0,0,0,2627,False,Col3M,0,0.0,0,0.0,0.0143345438107072,0,0.0,0,0,0.07,0.3,0.76,0.0,0.0,0.0,0.0392106855209759,E
